date,rate,daily_factor,accumulated
2021-01-04,1.9,1.000074692290285,1.000074692290285
2021-01-05,1.9,1.000074692290285,1.0001493901595082
2021-01-06,1.9,1.000074692290285,1.0002240936080864
2021-01-07,1.9,1.000074692290285,1.0002988026364363
2021-01-08,1.9,1.000074692290285,1.0003735172449746
2021-01-11,1.9,1.000074692290285,1.0004482374341181
2021-01-12,1.9,1.000074692290285,1.0005229632042838
2021-01-13,1.9,1.000074692290285,1.0005976945558883
2021-01-14,1.9,1.000074692290285,1.0006724314893487
2021-01-15,1.9,1.000074692290285,1.0007471740050817
2021-01-18,1.9,1.000074692290285,1.0008219221035044
2021-01-19,1.9,1.000074692290285,1.0008966757850337
2021-01-20,1.9,1.000074692290285,1.0009714350500867
2021-01-21,1.9,1.000074692290285,1.0010461998990805
2021-01-22,1.9,1.000074692290285,1.001120970332432
2021-01-25,1.9,1.000074692290285,1.0011957463505585
2021-01-26,1.9,1.000074692290285,1.001270527953877
2021-01-27,1.9,1.000074692290285,1.0013453151428047
2021-01-28,1.9,1.000074692290285,1.001420107917759
2021-01-29,1.9,1.000074692290285,1.0014949062791567
2021-02-01,1.9,1.000074692290285,1.0015697102274155
2021-02-02,1.9,1.000074692290285,1.0016445197629524
2021-02-03,1.9,1.000074692290285,1.001719334886185
2021-02-04,1.9,1.000074692290285,1.0017941555975305
2021-02-05,1.9,1.000074692290285,1.0018689818974063
2021-02-08,1.9,1.000074692290285,1.0019438137862298
2021-02-09,1.9,1.000074692290285,1.0020186512644182
2021-02-10,1.9,1.000074692290285,1.0020934943323896
2021-02-11,1.9,1.000074692290285,1.002168342990561
2021-02-12,1.9,1.000074692290285,1.0022431972393502
2021-02-17,1.9,1.000074692290285,1.0023180570791745
2021-02-18,1.9,1.000074692290285,1.0023929225104518
2021-02-19,1.9,1.000074692290285,1.0024677935335995
2021-02-22,1.9,1.000074692290285,1.0025426701490354
2021-02-23,1.9,1.000074692290285,1.0026175523571772
2021-02-24,1.9,1.000074692290285,1.0026924401584427
2021-02-25,1.9,1.000074692290285,1.0027673335532497
2021-02-26,1.9,1.000074692290285,1.0028422325420157
2021-03-01,1.9,1.000074692290285,1.0029171371251588
2021-03-02,1.9,1.000074692290285,1.0029920473030969
2021-03-03,1.9,1.000074692290285,1.0030669630762477
2021-03-04,1.9,1.000074692290285,1.003141884445029
2021-03-05,1.9,1.000074692290285,1.003216811409859
2021-03-08,1.9,1.000074692290285,1.0032917439711555
2021-03-09,1.9,1.000074692290285,1.0033666821293368
2021-03-10,1.9,1.000074692290285,1.0034416258848207
2021-03-11,1.9,1.000074692290285,1.0035165752380253
2021-03-12,1.9,1.000074692290285,1.0035915301893688
2021-03-15,1.9,1.000074692290285,1.0036664907392692
2021-03-16,1.9,1.000074692290285,1.0037414568881449
2021-03-17,1.9,1.000074692290285,1.003816428636414
2021-03-18,2.65,1.000103794900115,1.003920619662358
2021-03-19,2.65,1.000103794900115,1.0040248215027994
2021-03-22,2.65,1.000103794900115,1.0041290341588602
2021-03-23,2.65,1.000103794900115,1.0042332576316633
2021-03-24,2.65,1.000103794900115,1.0043374919223313
2021-03-25,2.65,1.000103794900115,1.0044417370319871
2021-03-26,2.65,1.000103794900115,1.0045459929617537
2021-03-29,2.65,1.000103794900115,1.0046502597127542
2021-03-30,2.65,1.000103794900115,1.0047545372861117
2021-03-31,2.65,1.000103794900115,1.0048588256829494
2021-04-01,2.65,1.000103794900115,1.0049631249043909
2021-04-05,2.65,1.000103794900115,1.0050674349515596
2021-04-06,2.65,1.000103794900115,1.0051717558255793
2021-04-07,2.65,1.000103794900115,1.0052760875275737
2021-04-08,2.65,1.000103794900115,1.0053804300586666
2021-04-09,2.65,1.000103794900115,1.0054847834199823
2021-04-12,2.65,1.000103794900115,1.0055891476126446
2021-04-13,2.65,1.000103794900115,1.005693522637778
2021-04-14,2.65,1.000103794900115,1.0057979084965065
2021-04-15,2.65,1.000103794900115,1.0059023051899547
2021-04-16,2.65,1.000103794900115,1.0060067127192474
2021-04-19,2.65,1.000103794900115,1.006111131085509
2021-04-20,2.65,1.000103794900115,1.0062155602898648
2021-04-22,2.65,1.000103794900115,1.0063200003334394
2021-04-23,2.65,1.000103794900115,1.0064244512173577
2021-04-26,2.65,1.000103794900115,1.006528912942745
2021-04-27,2.65,1.000103794900115,1.0066333855107268
2021-04-28,2.65,1.000103794900115,1.0067378689224282
2021-04-29,2.65,1.000103794900115,1.0068423631789751
2021-04-30,2.65,1.000103794900115,1.0069468682814928
2021-05-03,2.65,1.000103794900115,1.0070513842311073
2021-05-04,2.65,1.000103794900115,1.0071559110289443
2021-05-05,2.65,1.000103794900115,1.0072604486761298
2021-05-06,3.4,1.000132686484955,1.0073940985244987
2021-05-07,3.4,1.000132686484955,1.0075277661063962
2021-05-10,3.4,1.000132686484955,1.0076614514241753
2021-05-11,3.4,1.000132686484955,1.0077951544801893
2021-05-12,3.4,1.000132686484955,1.0079288752767919
2021-05-13,3.4,1.000132686484955,1.0080626138163369
2021-05-14,3.4,1.000132686484955,1.0081963701011787
2021-05-17,3.4,1.000132686484955,1.0083301441336716
2021-05-18,3.4,1.000132686484955,1.0084639359161707
2021-05-19,3.4,1.000132686484955,1.008597745451031
2021-05-20,3.4,1.000132686484955,1.0087315727406083
2021-05-21,3.4,1.000132686484955,1.0088654177872582
2021-05-24,3.4,1.000132686484955,1.008999280593337
2021-05-25,3.4,1.000132686484955,1.0091331611612009
2021-05-26,3.4,1.000132686484955,1.0092670594932067
2021-05-27,3.4,1.000132686484955,1.0094009755917117
2021-05-28,3.4,1.000132686484955,1.009534909459073
2021-05-31,3.4,1.000132686484955,1.0096688610976485
2021-06-01,3.4,1.000132686484955,1.009802830509796
2021-06-02,3.4,1.000132686484955,1.0099368176978738
2021-06-04,3.4,1.000132686484955,1.0100708226642408
2021-06-07,3.4,1.000132686484955,1.0102048454112555
2021-06-08,3.4,1.000132686484955,1.0103388859412776
2021-06-09,3.4,1.000132686484955,1.0104729442566664
2021-06-10,3.4,1.000132686484955,1.010607020359782
2021-06-11,3.4,1.000132686484955,1.010741114252984
2021-06-14,3.4,1.000132686484955,1.0108752259386338
2021-06-15,3.4,1.000132686484955,1.0110093554190915
2021-06-16,3.4,1.000132686484955,1.0111435026967186
2021-06-17,4.15,1.0001613700890652,1.0113066710138066
2021-06-18,4.15,1.0001613700890652,1.0114698656613803
2021-06-21,4.15,1.0001613700890652,1.011633086643689
2021-06-22,4.15,1.0001613700890652,1.011796333964982
2021-06-23,4.15,1.0001613700890652,1.0119596076295099
2021-06-24,4.15,1.0001613700890652,1.0121229076415235
2021-06-25,4.15,1.0001613700890652,1.0122862340052745
2021-06-28,4.15,1.0001613700890652,1.0124495867250154
2021-06-29,4.15,1.0001613700890652,1.0126129658049994
2021-06-30,4.15,1.0001613700890652,1.01277637124948
2021-07-01,4.15,1.0001613700890652,1.0129398030627117
2021-07-02,4.15,1.0001613700890652,1.0131032612489497
2021-07-05,4.15,1.0001613700890652,1.0132667458124498
2021-07-06,4.15,1.0001613700890652,1.0134302567574685
2021-07-07,4.15,1.0001613700890652,1.013593794088263
2021-07-08,4.15,1.0001613700890652,1.0137573578090908
2021-07-09,4.15,1.0001613700890652,1.013920947924211
2021-07-12,4.15,1.0001613700890652,1.0140845644378826
2021-07-13,4.15,1.0001613700890652,1.0142482073543657
2021-07-14,4.15,1.0001613700890652,1.0144118766779207
2021-07-15,4.15,1.0001613700890652,1.014575572412809
2021-07-16,4.15,1.0001613700890652,1.0147392945632927
2021-07-19,4.15,1.0001613700890652,1.0149030431336343
2021-07-20,4.15,1.0001613700890652,1.0150668181280973
2021-07-21,4.15,1.0001613700890652,1.0152306195509457
2021-07-22,4.15,1.0001613700890652,1.0153944474064445
2021-07-23,4.15,1.0001613700890652,1.0155583016988587
2021-07-26,4.15,1.0001613700890652,1.015722182432455
2021-07-27,4.15,1.0001613700890652,1.0158860896114996
2021-07-28,4.15,1.0001613700890652,1.0160500232402603
2021-07-29,4.15,1.0001613700890652,1.0162139833230053
2021-07-30,4.15,1.0001613700890652,1.0163779698640034
2021-08-02,4.15,1.0001613700890652,1.0165419828675244
2021-08-03,4.15,1.0001613700890652,1.0167060223378384
2021-08-04,4.15,1.0001613700890652,1.016870088279216
2021-08-05,5.15,1.000199296508342,1.0170727469372476
2021-08-06,5.15,1.000199296508342,1.017275445984442
2021-08-09,5.15,1.000199296508342,1.0174781854288486
2021-08-10,5.15,1.000199296508342,1.0176809652785186
2021-08-11,5.15,1.000199296508342,1.0178837855415046
2021-08-12,5.15,1.000199296508342,1.0180866462258609
2021-08-13,5.15,1.000199296508342,1.0182895473396432
2021-08-16,5.15,1.000199296508342,1.018492488890909
2021-08-17,5.15,1.000199296508342,1.0186954708877174
2021-08-18,5.15,1.000199296508342,1.018898493338129
2021-08-19,5.15,1.000199296508342,1.0191015562502062
2021-08-20,5.15,1.000199296508342,1.0193046596320126
2021-08-23,5.15,1.000199296508342,1.0195078034916139
2021-08-24,5.15,1.000199296508342,1.0197109878370771
2021-08-25,5.15,1.000199296508342,1.019914212676471
2021-08-26,5.15,1.000199296508342,1.020117478017866
2021-08-27,5.15,1.000199296508342,1.0203207838693333
2021-08-30,5.15,1.000199296508342,1.0205241302389472
2021-08-31,5.15,1.000199296508342,1.0207275171347825
2021-09-01,5.15,1.000199296508342,1.020930944564916
2021-09-02,5.15,1.000199296508342,1.021134412537426
2021-09-03,5.15,1.000199296508342,1.0213379210603926
2021-09-06,5.15,1.000199296508342,1.0215414701418972
2021-09-08,5.15,1.000199296508342,1.021745059790023
2021-09-09,5.15,1.000199296508342,1.021948690012855
2021-09-10,5.15,1.000199296508342,1.022152360818479
2021-09-13,5.15,1.000199296508342,1.0223560722149836
2021-09-14,5.15,1.000199296508342,1.0225598242104583
2021-09-15,5.15,1.000199296508342,1.0227636168129943
2021-09-16,5.15,1.000199296508342,1.0229674500306842
2021-09-17,5.15,1.000199296508342,1.023171323871623
2021-09-20,5.15,1.000199296508342,1.023375238343906
2021-09-21,5.15,1.000199296508342,1.0235791934556315
2021-09-22,5.15,1.000199296508342,1.0237831892148987
2021-09-23,6.15,1.0002368653583333,1.0240256879868679
2021-09-24,6.15,1.0002368653583333,1.0242682441983955
2021-09-27,6.15,1.0002368653583333,1.024510857863087
2021-09-28,6.15,1.0002368653583333,1.024753528994551
2021-09-29,6.15,1.0002368653583333,1.0249962576063998
2021-09-30,6.15,1.0002368653583333,1.025239043712248
2021-10-01,6.15,1.0002368653583333,1.0254818873257143
2021-10-04,6.15,1.0002368653583333,1.0257247884604201
2021-10-05,6.15,1.0002368653583333,1.0259677471299902
2021-10-06,6.15,1.0002368653583333,1.0262107633480526
2021-10-07,6.15,1.0002368653583333,1.0264538371282386
2021-10-08,6.15,1.0002368653583333,1.0266969684841827
2021-10-11,6.15,1.0002368653583333,1.0269401574295225
2021-10-13,6.15,1.0002368653583333,1.0271834039778989
2021-10-14,6.15,1.0002368653583333,1.0274267081429562
2021-10-15,6.15,1.0002368653583333,1.0276700699383416
2021-10-18,6.15,1.0002368653583333,1.027913489377706
2021-10-19,6.15,1.0002368653583333,1.028156966474703
2021-10-20,6.15,1.0002368653583333,1.02840050124299
2021-10-21,6.15,1.0002368653583333,1.0286440936962271
2021-10-22,6.15,1.0002368653583333,1.028887743848078
2021-10-25,6.15,1.0002368653583333,1.0291314517122092
2021-10-26,6.15,1.0002368653583333,1.0293752173022912
2021-10-27,6.15,1.0002368653583333,1.029619040631997
2021-10-28,7.65,1.000292562779503,1.0299202688403535
2021-10-29,7.65,1.000292562779503,1.030221585176872
2021-11-01,7.65,1.000292562779503,1.0305229896673351
2021-11-03,7.65,1.000292562779503,1.0308244823375339
2021-11-04,7.65,1.000292562779503,1.0311260632132662
2021-11-05,7.65,1.000292562779503,1.0314277323203378
2021-11-08,7.65,1.000292562779503,1.031729489684562
2021-11-09,7.65,1.000292562779503,1.0320313353317592
2021-11-10,7.65,1.000292562779503,1.032333269287758
2021-11-11,7.65,1.000292562779503,1.0326352915783943
2021-11-12,7.65,1.000292562779503,1.0329374022295112
2021-11-16,7.65,1.000292562779503,1.03323960126696
2021-11-17,7.65,1.000292562779503,1.0335418887165992
2021-11-18,7.65,1.000292562779503,1.033844264604295
2021-11-19,7.65,1.000292562779503,1.0341467289559207
2021-11-22,7.65,1.000292562779503,1.034449281797358
2021-11-23,7.65,1.000292562779503,1.0347519231544955
2021-11-24,7.65,1.000292562779503,1.0350546530532296
2021-11-25,7.65,1.000292562779503,1.0353574715194644
2021-11-26,7.65,1.000292562779503,1.0356603785791114
2021-11-29,7.65,1.000292562779503,1.0359633742580896
2021-11-30,7.65,1.000292562779503,1.0362664585823258
2021-12-01,7.65,1.000292562779503,1.0365696315777544
2021-12-02,7.65,1.000292562779503,1.036872893270317
2021-12-03,7.65,1.000292562779503,1.0371762436859635
2021-12-06,7.65,1.000292562779503,1.0374796828506507
2021-12-07,7.65,1.000292562779503,1.0377832107903433
2021-12-08,7.65,1.000292562779503,1.0380868275310136
2021-12-09,9.15,1.0003474924925166,1.038447554910161
2021-12-10,9.15,1.0003474924925166,1.0388084076393647
2021-12-13,9.15,1.0003474924925166,1.0391693857621824
2021-12-14,9.15,1.0003474924925166,1.039530489322188
2021-12-15,9.15,1.0003474924925166,1.0398917183629695
2021-12-16,9.15,1.0003474924925166,1.0402530729281307
2021-12-17,9.15,1.0003474924925166,1.0406145530612907
2021-12-20,9.15,1.0003474924925166,1.040976158806083
2021-12-21,9.15,1.0003474924925166,1.041337890206157
2021-12-22,9.15,1.0003474924925166,1.0416997473051768
2021-12-23,9.15,1.0003474924925166,1.0420617301468218
2021-12-24,9.15,1.0003474924925166,1.0424238387747866
2021-12-27,9.15,1.0003474924925166,1.0427860732327812
2021-12-28,9.15,1.0003474924925166,1.0431484335645305
2021-12-29,9.15,1.0003474924925166,1.0435109198137746
2021-12-30,9.15,1.0003474924925166,1.0438735320242691
2021-12-31,9.15,1.0003474924925166,1.0442362702397845
2022-01-03,9.15,1.0003474924925166,1.0445991345041064
2022-01-04,9.15,1.0003474924925166,1.044962124861036
2022-01-05,9.15,1.0003474924925166,1.0453252413543894
2022-01-06,9.15,1.0003474924925166,1.0456884840279983
2022-01-07,9.15,1.0003474924925166,1.0460518529257092
2022-01-10,9.15,1.0003474924925166,1.046415348091384
2022-01-11,9.15,1.0003474924925166,1.0467789695689
2022-01-12,9.15,1.0003474924925166,1.0471427174021495
2022-01-13,9.15,1.0003474924925166,1.0475065916350401
2022-01-14,9.15,1.0003474924925166,1.047870592311495
2022-01-17,9.15,1.0003474924925166,1.0482347194754522
2022-01-18,9.15,1.0003474924925166,1.0485989731708651
2022-01-19,9.15,1.0003474924925166,1.0489633534417027
2022-01-20,9.15,1.0003474924925166,1.0493278603319487
2022-01-21,9.15,1.0003474924925166,1.0496924938856027
2022-01-24,9.15,1.0003474924925166,1.050057254146679
2022-01-25,9.15,1.0003474924925166,1.0504221411592076
2022-01-26,9.15,1.0003474924925166,1.0507871549672336
2022-01-27,9.15,1.0003474924925166,1.0511522956148176
2022-01-28,9.15,1.0003474924925166,1.0515175631460354
2022-01-31,9.15,1.0003474924925166,1.051882957604978
2022-02-01,9.15,1.0003474924925166,1.0522484790357518
2022-02-02,9.15,1.0003474924925166,1.0526141274824787
2022-02-03,10.65,1.0004016754138976,1.0530369366978096
2022-02-04,10.65,1.0004016754138976,1.0534599157452071
2022-02-07,10.65,1.0004016754138976,1.0538830646928885
2022-02-08,10.65,1.0004016754138976,1.0543063836090987
2022-02-09,10.65,1.0004016754138976,1.0547298725621097
2022-02-10,10.65,1.0004016754138976,1.0551535316202212
2022-02-11,10.65,1.0004016754138976,1.0555773608517602
2022-02-14,10.65,1.0004016754138976,1.0560013603250813
2022-02-15,10.65,1.0004016754138976,1.0564255301085663
2022-02-16,10.65,1.0004016754138976,1.0568498702706246
2022-02-17,10.65,1.0004016754138976,1.0572743808796932
2022-02-18,10.65,1.0004016754138976,1.0576990620042364
2022-02-21,10.65,1.0004016754138976,1.058123913712746
2022-02-22,10.65,1.0004016754138976,1.0585489360737415
2022-02-23,10.65,1.0004016754138976,1.0589741291557697
2022-02-24,10.65,1.0004016754138976,1.059399493027405
2022-02-25,10.65,1.0004016754138976,1.0598250277572498
2022-03-02,10.65,1.0004016754138976,1.0602507334139333
2022-03-03,10.65,1.0004016754138976,1.0606766100661125
2022-03-04,10.65,1.0004016754138976,1.0611026577824723
2022-03-07,10.65,1.0004016754138976,1.0615288766317248
2022-03-08,10.65,1.0004016754138976,1.06195526668261
2022-03-09,10.65,1.0004016754138976,1.0623818280038955
2022-03-10,10.65,1.0004016754138976,1.0628085606643762
2022-03-11,10.65,1.0004016754138976,1.063235464732875
2022-03-14,10.65,1.0004016754138976,1.0636625402782423
2022-03-15,10.65,1.0004016754138976,1.0640897873693558
2022-03-16,10.65,1.0004016754138976,1.0645172060751216
2022-03-17,11.65,1.0004373924230159,1.064982817835229
2022-03-18,11.65,1.0004373924230159,1.0654486332503923
2022-03-21,11.65,1.0004373924230159,1.0659146524096887
2022-03-22,11.65,1.0004373924230159,1.0663808754022344
2022-03-23,11.65,1.0004373924230159,1.0668473023171843
2022-03-24,11.65,1.0004373924230159,1.0673139332437327
2022-03-25,11.65,1.0004373924230159,1.0677807682711127
2022-03-28,11.65,1.0004373924230159,1.0682478074885966
2022-03-29,11.65,1.0004373924230159,1.0687150509854955
2022-03-30,11.65,1.0004373924230159,1.0691824988511596
2022-03-31,11.65,1.0004373924230159,1.0696501511749783
2022-04-01,11.65,1.0004373924230159,1.0701180080463801
2022-04-04,11.65,1.0004373924230159,1.0705860695548324
2022-04-05,11.65,1.0004373924230159,1.071054335789842
2022-04-06,11.65,1.0004373924230159,1.0715228068409548
2022-04-07,11.65,1.0004373924230159,1.0719914827977557
2022-04-08,11.65,1.0004373924230159,1.072460363749869
2022-04-11,11.65,1.0004373924230159,1.0729294497869581
2022-04-12,11.65,1.0004373924230159,1.0733987409987256
2022-04-13,11.65,1.0004373924230159,1.0738682374749131
2022-04-14,11.65,1.0004373924230159,1.074337939305302
2022-04-18,11.65,1.0004373924230159,1.0748078465797126
2022-04-19,11.65,1.0004373924230159,1.0752779593880046
2022-04-20,11.65,1.0004373924230159,1.0757482778200769
2022-04-22,11.65,1.0004373924230159,1.0762188019658678
2022-04-25,11.65,1.0004373924230159,1.0766895319153549
2022-04-26,11.65,1.0004373924230159,1.0771604677585551
2022-04-27,11.65,1.0004373924230159,1.077631609585525
2022-04-28,11.65,1.0004373924230159,1.07810295748636
2022-04-29,11.65,1.0004373924230159,1.0785745115511955
2022-05-02,11.65,1.0004373924230159,1.079046271870206
2022-05-03,11.65,1.0004373924230159,1.0795182385336057
2022-05-04,11.65,1.0004373924230159,1.0799904116316479
2022-05-05,12.65,1.0004727922107446,1.0805010226859462
2022-05-06,12.65,1.0004727922107446,1.0810118751531737
2022-05-09,12.65,1.0004727922107446,1.0815229691474684
2022-05-10,12.65,1.0004727922107446,1.0820343047830228
2022-05-11,12.65,1.0004727922107446,1.0825458821740825
2022-05-12,12.65,1.0004727922107446,1.083057701434948
2022-05-13,12.65,1.0004727922107446,1.0835697626799734
2022-05-16,12.65,1.0004727922107446,1.0840820660235668
2022-05-17,12.65,1.0004727922107446,1.0845946115801908
2022-05-18,12.65,1.0004727922107446,1.0851073994643614
2022-05-19,12.65,1.0004727922107446,1.0856204297906495
2022-05-20,12.65,1.0004727922107446,1.0861337026736797
2022-05-23,12.65,1.0004727922107446,1.086647218228131
2022-05-24,12.65,1.0004727922107446,1.0871609765687367
2022-05-25,12.65,1.0004727922107446,1.0876749778102839
2022-05-26,12.65,1.0004727922107446,1.0881892220676144
2022-05-27,12.65,1.0004727922107446,1.0887037094556242
2022-05-30,12.65,1.0004727922107446,1.0892184400892635
2022-05-31,12.65,1.0004727922107446,1.089733414083537
2022-06-01,12.65,1.0004727922107446,1.0902486315535038
2022-06-02,12.65,1.0004727922107446,1.0907640926142772
2022-06-03,12.65,1.0004727922107446,1.091279797381025
2022-06-06,12.65,1.0004727922107446,1.0917957459689698
2022-06-07,12.65,1.0004727922107446,1.092311938493388
2022-06-08,12.65,1.0004727922107446,1.0928283750696108
2022-06-09,12.65,1.0004727922107446,1.0933450558130244
2022-06-10,12.65,1.0004727922107446,1.093861980839069
2022-06-13,12.65,1.0004727922107446,1.0943791502632394
2022-06-14,12.65,1.0004727922107446,1.094896564201085
2022-06-15,12.65,1.0004727922107446,1.0954142227682104
2022-06-17,13.15,1.000490374901192,1.0959513864094648
2022-06-20,13.15,1.000490374901192,1.0964888134622865
2022-06-21,13.15,1.000490374901192,1.0970265040558462
2022-06-22,13.15,1.000490374901192,1.0975644583193775
2022-06-23,13.15,1.000490374901192,1.0981026763821777
2022-06-24,13.15,1.000490374901192,1.0986411583736073
2022-06-27,13.15,1.000490374901192,1.09917990442309
2022-06-28,13.15,1.000490374901192,1.0997189146601138
2022-06-29,13.15,1.000490374901192,1.1002581892142291
2022-06-30,13.15,1.000490374901192,1.1007977282150507
2022-07-01,13.15,1.000490374901192,1.1013375317922565
2022-07-04,13.15,1.000490374901192,1.101877600075588
2022-07-05,13.15,1.000490374901192,1.1024179331948507
2022-07-06,13.15,1.000490374901192,1.1029585312799133
2022-07-07,13.15,1.000490374901192,1.1034993944607085
2022-07-08,13.15,1.000490374901192,1.1040405228672325
2022-07-11,13.15,1.000490374901192,1.1045819166295454
2022-07-12,13.15,1.000490374901192,1.105123575877771
2022-07-13,13.15,1.000490374901192,1.105665500742097
2022-07-14,13.15,1.000490374901192,1.1062076913527747
2022-07-15,13.15,1.000490374901192,1.1067501478401196
2022-07-18,13.15,1.000490374901192,1.1072928703345108
2022-07-19,13.15,1.000490374901192,1.1078358589663917
2022-07-20,13.15,1.000490374901192,1.1083791138662693
2022-07-21,13.15,1.000490374901192,1.1089226351647148
2022-07-22,13.15,1.000490374901192,1.1094664229923632
2022-07-25,13.15,1.000490374901192,1.110010477479914
2022-07-26,13.15,1.000490374901192,1.1105547987581303
2022-07-27,13.15,1.000490374901192,1.1110993869578396
2022-07-28,13.15,1.000490374901192,1.1116442422099335
2022-07-29,13.15,1.000490374901192,1.1121893646453678
2022-08-01,13.15,1.000490374901192,1.1127347543951625
2022-08-02,13.15,1.000490374901192,1.1132804115904018
2022-08-03,13.15,1.000490374901192,1.1138263363622345
2022-08-04,13.65,1.0005078803732619,1.114392026897695
2022-08-05,13.65,1.0005078803732619,1.114958004736276
2022-08-08,13.65,1.0005078803732619,1.1155242700238928
2022-08-09,13.65,1.0005078803732619,1.1160908229065352
2022-08-10,13.65,1.0005078803732619,1.1166576635302672
2022-08-11,13.65,1.0005078803732619,1.1172247920412266
2022-08-12,13.65,1.0005078803732619,1.117792208585626
2022-08-15,13.65,1.0005078803732619,1.1183599133097517
2022-08-16,13.65,1.0005078803732619,1.1189279063599646
2022-08-17,13.65,1.0005078803732619,1.1194961878827
2022-08-18,13.65,1.0005078803732619,1.120064758024467
2022-08-19,13.65,1.0005078803732619,1.1206336169318498
2022-08-22,13.65,1.0005078803732619,1.121202764751507
2022-08-23,13.65,1.0005078803732619,1.1217722016301712
2022-08-24,13.65,1.0005078803732619,1.12234192771465
2022-08-25,13.65,1.0005078803732619,1.1229119431518253
2022-08-26,13.65,1.0005078803732619,1.1234822480886535
2022-08-29,13.65,1.0005078803732619,1.1240528426721659
2022-08-30,13.65,1.0005078803732619,1.1246237270494683
2022-08-31,13.65,1.0005078803732619,1.1251949013677414
2022-09-01,13.65,1.0005078803732619,1.1257663657742403
2022-09-02,13.65,1.0005078803732619,1.1263381204162954
2022-09-05,13.65,1.0005078803732619,1.1269101654413116
2022-09-06,13.65,1.0005078803732619,1.1274825009967686
2022-09-08,13.65,1.0005078803732619,1.128055127230221
2022-09-09,13.65,1.0005078803732619,1.1286280442892986
2022-09-12,13.65,1.0005078803732619,1.129201252321706
2022-09-13,13.65,1.0005078803732619,1.129774751475223
2022-09-14,13.65,1.0005078803732619,1.1303485418977042
2022-09-15,13.65,1.0005078803732619,1.1309226237370793
2022-09-16,13.65,1.0005078803732619,1.131496997141353
2022-09-19,13.65,1.0005078803732619,1.132071662258606
2022-09-20,13.65,1.0005078803732619,1.132646619236993
2022-09-21,13.65,1.0005078803732619,1.133221868224745
2022-09-22,13.65,1.0005078803732619,1.1337974093701675
2022-09-23,13.65,1.0005078803732619,1.1343732428216418
2022-09-26,13.65,1.0005078803732619,1.1349493687276242
2022-09-27,13.65,1.0005078803732619,1.1355257872366469
2022-09-28,13.65,1.0005078803732619,1.1361024984973171
2022-09-29,13.65,1.0005078803732619,1.1366795026583176
2022-09-30,13.65,1.0005078803732619,1.1372567998684069
2022-10-03,13.65,1.0005078803732619,1.1378343902764188
2022-10-04,13.65,1.0005078803732619,1.1384122740312625
2022-10-05,13.65,1.0005078803732619,1.1389904512819236
2022-10-06,13.65,1.0005078803732619,1.1395689221774623
2022-10-07,13.65,1.0005078803732619,1.1401476868670155
2022-10-10,13.65,1.0005078803732619,1.1407267454997951
2022-10-11,13.65,1.0005078803732619,1.1413060982250893
2022-10-13,13.65,1.0005078803732619,1.141885745192262
2022-10-14,13.65,1.0005078803732619,1.1424656865507525
2022-10-17,13.65,1.0005078803732619,1.1430459224500769
2022-10-18,13.65,1.0005078803732619,1.1436264530398264
2022-10-19,13.65,1.0005078803732619,1.1442072784696684
2022-10-20,13.65,1.0005078803732619,1.1447883988893466
2022-10-21,13.65,1.0005078803732619,1.1453698144486804
2022-10-24,13.65,1.0005078803732619,1.1459515252975654
2022-10-25,13.65,1.0005078803732619,1.1465335315859735
2022-10-26,13.65,1.0005078803732619,1.1471158334639526
2022-10-27,13.65,1.0005078803732619,1.147698431081627
2022-10-28,13.65,1.0005078803732619,1.1482813245891967
2022-10-31,13.65,1.0005078803732619,1.1488645141369387
2022-11-01,13.65,1.0005078803732619,1.1494479998752059
2022-11-03,13.65,1.0005078803732619,1.1500317819544277
2022-11-04,13.65,1.0005078803732619,1.1506158605251098
2022-11-07,13.65,1.0005078803732619,1.1512002357378344
2022-11-08,13.65,1.0005078803732619,1.15178490774326
2022-11-09,13.65,1.0005078803732619,1.152369876692122
2022-11-10,13.65,1.0005078803732619,1.152955142735232
2022-11-11,13.65,1.0005078803732619,1.1535407060234786
2022-11-14,13.65,1.0005078803732619,1.1541265667078267
2022-11-16,13.65,1.0005078803732619,1.1547127249393176
2022-11-17,13.65,1.0005078803732619,1.15529918086907
2022-11-18,13.65,1.0005078803732619,1.155885934648279
2022-11-21,13.65,1.0005078803732619,1.1564729864282164
2022-11-22,13.65,1.0005078803732619,1.1570603363602308
2022-11-23,13.65,1.0005078803732619,1.157647984595748
2022-11-24,13.65,1.0005078803732619,1.1582359312862702
2022-11-25,13.65,1.0005078803732619,1.1588241765833773
2022-11-28,13.65,1.0005078803732619,1.1594127206387255
2022-11-29,13.65,1.0005078803732619,1.160001563604048
2022-11-30,13.65,1.0005078803732619,1.1605907056311555
2022-12-01,13.65,1.0005078803732619,1.1611801468719358
2022-12-02,13.65,1.0005078803732619,1.1617698874783535
2022-12-05,13.65,1.0005078803732619,1.1623599276024505
2022-12-06,13.65,1.0005078803732619,1.1629502673963459
2022-12-07,13.65,1.0005078803732619,1.1635409070122362
2022-12-08,13.65,1.0005078803732619,1.164131846602395
2022-12-09,13.65,1.0005078803732619,1.1647230863191735
2022-12-12,13.65,1.0005078803732619,1.165314626315
2022-12-13,13.65,1.0005078803732619,1.1659064667423804
2022-12-14,13.65,1.0005078803732619,1.166498607753898
2022-12-15,13.65,1.0005078803732619,1.1670910495022133
2022-12-16,13.65,1.0005078803732619,1.1676837921400651
2022-12-19,13.65,1.0005078803732619,1.168276835820269
2022-12-20,13.65,1.0005078803732619,1.1688701806957187
2022-12-21,13.65,1.0005078803732619,1.169463826919385
2022-12-22,13.65,1.0005078803732619,1.1700577746443173
2022-12-23,13.65,1.0005078803732619,1.1706520240236415
2022-12-26,13.65,1.0005078803732619,1.1712465752105625
2022-12-27,13.65,1.0005078803732619,1.1718414283583622
2022-12-28,13.65,1.0005078803732619,1.1724365836204007
2022-12-29,13.65,1.0005078803732619,1.1730320411501156
2022-12-30,13.65,1.0005078803732619,1.173627801101023
2023-01-02,13.65,1.0005078803732619,1.1742238636267168
2023-01-03,13.65,1.0005078803732619,1.1748202288808687
2023-01-04,13.65,1.0005078803732619,1.1754168970172283
2023-01-05,13.65,1.0005078803732619,1.1760138681896237
2023-01-06,13.65,1.0005078803732619,1.176611142551961
2023-01-09,13.65,1.0005078803732619,1.1772087202582244
2023-01-10,13.65,1.0005078803732619,1.1778066014624764
2023-01-11,13.65,1.0005078803732619,1.1784047863188574
2023-01-12,13.65,1.0005078803732619,1.1790032749815866
2023-01-13,13.65,1.0005078803732619,1.1796020676049612
2023-01-16,13.65,1.0005078803732619,1.180201164343357
2023-01-17,13.65,1.0005078803732619,1.1808005653512277
2023-01-18,13.65,1.0005078803732619,1.1814002707831062
2023-01-19,13.65,1.0005078803732619,1.1820002807936032
2023-01-20,13.65,1.0005078803732619,1.1826005955374084
2023-01-23,13.65,1.0005078803732619,1.1832012151692897
2023-01-24,13.65,1.0005078803732619,1.1838021398440937
2023-01-25,13.65,1.0005078803732619,1.184403369716746
2023-01-26,13.65,1.0005078803732619,1.1850049049422504
2023-01-27,13.65,1.0005078803732619,1.1856067456756896
2023-01-30,13.65,1.0005078803732619,1.1862088920722251
2023-01-31,13.65,1.0005078803732619,1.1868113442870973
2023-02-01,13.65,1.0005078803732619,1.1874141024756253
2023-02-02,13.65,1.0005078803732619,1.1880171667932071
2023-02-03,13.65,1.0005078803732619,1.1886205373953196
2023-02-06,13.65,1.0005078803732619,1.1892242144375187
2023-02-07,13.65,1.0005078803732619,1.1898281980754393
2023-02-08,13.65,1.0005078803732619,1.1904324884647954
2023-02-09,13.65,1.0005078803732619,1.19103708576138
2023-02-10,13.65,1.0005078803732619,1.191641990121065
2023-02-13,13.65,1.0005078803732619,1.1922472016998023
2023-02-14,13.65,1.0005078803732619,1.192852720653622
2023-02-15,13.65,1.0005078803732619,1.1934585471386339
2023-02-16,13.65,1.0005078803732619,1.1940646813110272
2023-02-17,13.65,1.0005078803732619,1.1946711233270702
2023-02-22,13.65,1.0005078803732619,1.1952778733431106
2023-02-23,13.65,1.0005078803732619,1.1958849315155757
2023-02-24,13.65,1.0005078803732619,1.1964922980009722
2023-02-27,13.65,1.0005078803732619,1.197099972955886
2023-02-28,13.65,1.0005078803732619,1.1977079565369826
2023-03-01,13.65,1.0005078803732619,1.1983162489010073
2023-03-02,13.65,1.0005078803732619,1.198924850204785
2023-03-03,13.65,1.0005078803732619,1.1995337606052199
2023-03-06,13.65,1.0005078803732619,1.2001429802592962
2023-03-07,13.65,1.0005078803732619,1.2007525093240778
2023-03-08,13.65,1.0005078803732619,1.2013623479567086
2023-03-09,13.65,1.0005078803732619,1.2019724963144116
2023-03-10,13.65,1.0005078803732619,1.2025829545544904
2023-03-13,13.65,1.0005078803732619,1.203193722834328
2023-03-14,13.65,1.0005078803732619,1.2038048013113873
2023-03-15,13.65,1.0005078803732619,1.2044161901432118
2023-03-16,13.65,1.0005078803732619,1.2050278894874245
2023-03-17,13.65,1.0005078803732619,1.2056398995017283
2023-03-20,13.65,1.0005078803732619,1.2062522203439068
2023-03-21,13.65,1.0005078803732619,1.206864852171823
2023-03-22,13.65,1.0005078803732619,1.2074777951434208
2023-03-23,13.65,1.0005078803732619,1.2080910494167236
2023-03-24,13.65,1.0005078803732619,1.2087046151498357
2023-03-27,13.65,1.0005078803732619,1.2093184925009415
2023-03-28,13.65,1.0005078803732619,1.2099326816283054
2023-03-29,13.65,1.0005078803732619,1.2105471826902725
2023-03-30,13.65,1.0005078803732619,1.2111619958452684
2023-03-31,13.65,1.0005078803732619,1.211777121251799
2023-04-03,13.65,1.0005078803732619,1.2123925590684506
2023-04-04,13.65,1.0005078803732619,1.2130083094538902
2023-04-05,13.65,1.0005078803732619,1.2136243725668654
2023-04-06,13.65,1.0005078803732619,1.2142407485662043
2023-04-10,13.65,1.0005078803732619,1.2148574376108159
2023-04-11,13.65,1.0005078803732619,1.2154744398596897
2023-04-12,13.65,1.0005078803732619,1.216091755471896
2023-04-13,13.65,1.0005078803732619,1.2167093846065857
2023-04-14,13.65,1.0005078803732619,1.217327327422991
2023-04-17,13.65,1.0005078803732619,1.2179455840804245
2023-04-18,13.65,1.0005078803732619,1.21856415473828
2023-04-19,13.65,1.0005078803732619,1.219183039556032
2023-04-20,13.65,1.0005078803732619,1.2198022386932361
2023-04-24,13.65,1.0005078803732619,1.2204217523095293
2023-04-25,13.65,1.0005078803732619,1.2210415805646293
2023-04-26,13.65,1.0005078803732619,1.2216617236183347
2023-04-27,13.65,1.0005078803732619,1.2222821816305258
2023-04-28,13.65,1.0005078803732619,1.2229029547611636
2023-05-02,13.65,1.0005078803732619,1.2235240431702907
2023-05-03,13.65,1.0005078803732619,1.2241454470180309
2023-05-04,13.65,1.0005078803732619,1.2247671664645892
2023-05-05,13.65,1.0005078803732619,1.2253892016702521
2023-05-08,13.65,1.0005078803732619,1.2260115527953874
2023-05-09,13.65,1.0005078803732619,1.2266342200004445
2023-05-10,13.65,1.0005078803732619,1.2272572034459541
2023-05-11,13.65,1.0005078803732619,1.2278805032925286
2023-05-12,13.65,1.0005078803732619,1.228504119700862
2023-05-15,13.65,1.0005078803732619,1.2291280528317294
2023-05-16,13.65,1.0005078803732619,1.2297523028459882
2023-05-17,13.65,1.0005078803732619,1.2303768699045774
2023-05-18,13.65,1.0005078803732619,1.2310017541685174
2023-05-19,13.65,1.0005078803732619,1.2316269557989106
2023-05-22,13.65,1.0005078803732619,1.232252474956941
2023-05-23,13.65,1.0005078803732619,1.232878311803875
2023-05-24,13.65,1.0005078803732619,1.2335044665010606
2023-05-25,13.65,1.0005078803732619,1.2341309392099273
2023-05-26,13.65,1.0005078803732619,1.2347577300919874
2023-05-29,13.65,1.0005078803732619,1.2353848393088345
2023-05-30,13.65,1.0005078803732619,1.2360122670221447
2023-05-31,13.65,1.0005078803732619,1.2366400133936761
2023-06-01,13.65,1.0005078803732619,1.237268078585269
2023-06-02,13.65,1.0005078803732619,1.2378964627588458
2023-06-05,13.65,1.0005078803732619,1.2385251660764114
2023-06-06,13.65,1.0005078803732619,1.2391541887000526
2023-06-07,13.65,1.0005078803732619,1.2397835307919385
2023-06-09,13.65,1.0005078803732619,1.240413192514321
2023-06-12,13.65,1.0005078803732619,1.241043174029534
2023-06-13,13.65,1.0005078803732619,1.2416734754999943
2023-06-14,13.65,1.0005078803732619,1.2423040970882007
2023-06-15,13.65,1.0005078803732619,1.2429350389567346
2023-06-16,13.65,1.0005078803732619,1.2435663012682603
2023-06-19,13.65,1.0005078803732619,1.2441978841855243
2023-06-20,13.65,1.0005078803732619,1.2448297878713561
2023-06-21,13.65,1.0005078803732619,1.2454620124886677
2023-06-22,13.65,1.0005078803732619,1.246094558200454
2023-06-23,13.65,1.0005078803732619,1.2467274251697924
2023-06-26,13.65,1.0005078803732619,1.2473606135598434
2023-06-27,13.65,1.0005078803732619,1.2479941235338503
2023-06-28,13.65,1.0005078803732619,1.2486279552551394
2023-06-29,13.65,1.0005078803732619,1.2492621088871196
2023-06-30,13.65,1.0005078803732619,1.2498965845932832
2023-07-03,13.65,1.0005078803732619,1.2505313825372053
2023-07-04,13.65,1.0005078803732619,1.251166502882544
2023-07-05,13.65,1.0005078803732619,1.2518019457930407
2023-07-06,13.65,1.0005078803732619,1.25243771143252
2023-07-07,13.65,1.0005078803732619,1.2530737999648895
2023-07-10,13.65,1.0005078803732619,1.2537102115541403
2023-07-11,13.65,1.0005078803732619,1.2543469463643466
2023-07-12,13.65,1.0005078803732619,1.254984004559666
2023-07-13,13.65,1.0005078803732619,1.2556213863043395
2023-07-14,13.65,1.0005078803732619,1.2562590917626915
2023-07-17,13.65,1.0005078803732619,1.2568971210991295
2023-07-18,13.65,1.0005078803732619,1.257535474478145
2023-07-19,13.65,1.0005078803732619,1.258174152064313
2023-07-20,13.65,1.0005078803732619,1.258813154022292
2023-07-21,13.65,1.0005078803732619,1.259452480516824
2023-07-24,13.65,1.0005078803732619,1.2600921317127345
2023-07-25,13.65,1.0005078803732619,1.2607321077749332
2023-07-26,13.65,1.0005078803732619,1.261372408868413
2023-07-27,13.65,1.0005078803732619,1.2620130351582515
2023-07-28,13.65,1.0005078803732619,1.262653986809609
2023-07-31,13.65,1.0005078803732619,1.2632952639877304
2023-08-01,13.65,1.0005078803732619,1.2639368668579445
2023-08-02,13.65,1.0005078803732619,1.2645787955856638
2023-08-03,13.15,1.000490374901192,1.2651989132875985
2023-08-04,13.15,1.000490374901192,1.26581933507969
2023-08-07,13.15,1.000490374901192,1.2664400611110567
2023-08-08,13.15,1.000490374901192,1.2670610915308895
2023-08-09,13.15,1.000490374901192,1.2676824264884532
2023-08-10,13.15,1.000490374901192,1.2683040661330853
2023-08-11,13.15,1.000490374901192,1.2689260106141966
2023-08-14,13.15,1.000490374901192,1.2695482600812715
2023-08-15,13.15,1.000490374901192,1.2701708146838673
2023-08-16,13.15,1.000490374901192,1.2707936745716149
2023-08-17,13.15,1.000490374901192,1.2714168398942183
2023-08-18,13.15,1.000490374901192,1.2720403108014553
2023-08-21,13.15,1.000490374901192,1.2726640874431767
2023-08-22,13.15,1.000490374901192,1.2732881699693073
2023-08-23,13.15,1.000490374901192,1.273912558529845
2023-08-24,13.15,1.000490374901192,1.2745372532748613
2023-08-25,13.15,1.000490374901192,1.2751622543545016
2023-08-28,13.15,1.000490374901192,1.2757875619189845
2023-08-29,13.15,1.000490374901192,1.2764131761186024
2023-08-30,13.15,1.000490374901192,1.2770390971037218
2023-08-31,13.15,1.000490374901192,1.2776653250247823
2023-09-01,13.15,1.000490374901192,1.2782918600322977
2023-09-04,13.15,1.000490374901192,1.2789187022768556
2023-09-05,13.15,1.000490374901192,1.2795458519091172
2023-09-06,13.15,1.000490374901192,1.2801733090798177
2023-09-08,13.15,1.000490374901192,1.2808010739397664
2023-09-11,13.15,1.000490374901192,1.2814291466398462
2023-09-12,13.15,1.000490374901192,1.2820575273310142
2023-09-13,13.15,1.000490374901192,1.2826862161643016
2023-09-14,13.15,1.000490374901192,1.2833152132908134
2023-09-15,13.15,1.000490374901192,1.2839445188617291
2023-09-18,13.15,1.000490374901192,1.2845741330283018
2023-09-19,13.15,1.000490374901192,1.2852040559418594
2023-09-20,13.15,1.000490374901192,1.2858342877538034
2023-09-21,12.65,1.0004727922107446,1.2864422201893617
2023-09-22,12.65,1.0004727922107446,1.2870504400506402
2023-09-25,12.65,1.0004727922107446,1.2876589474735316
2023-09-26,12.65,1.0004727922107446,1.2882677425939926
2023-09-27,12.65,1.0004727922107446,1.2888768255480445
2023-09-28,12.65,1.0004727922107446,1.2894861964717728
2023-09-29,12.65,1.0004727922107446,1.2900958555013273
2023-10-02,12.65,1.0004727922107446,1.2907058027729221
2023-10-03,12.65,1.0004727922107446,1.291316038422836
2023-10-04,12.65,1.0004727922107446,1.291926562587412
2023-10-05,12.65,1.0004727922107446,1.2925373754030574
2023-10-06,12.65,1.0004727922107446,1.2931484770062442
2023-10-09,12.65,1.0004727922107446,1.2937598675335091
2023-10-10,12.65,1.0004727922107446,1.294371547121453
2023-10-11,12.65,1.0004727922107446,1.2949835159067413
2023-10-13,12.65,1.0004727922107446,1.2955957740261046
2023-10-16,12.65,1.0004727922107446,1.2962083216163378
2023-10-17,12.65,1.0004727922107446,1.2968211588143004
2023-10-18,12.65,1.0004727922107446,1.2974342857569165
2023-10-19,12.65,1.0004727922107446,1.2980477025811754
2023-10-20,12.65,1.0004727922107446,1.2986614094241307
2023-10-23,12.65,1.0004727922107446,1.299275406422901
2023-10-24,12.65,1.0004727922107446,1.2998896937146698
2023-10-25,12.65,1.0004727922107446,1.3005042714366852
2023-10-26,12.65,1.0004727922107446,1.3011191397262605
2023-10-27,12.65,1.0004727922107446,1.3017342987207738
2023-10-30,12.65,1.0004727922107446,1.302349748557668
2023-10-31,12.65,1.0004727922107446,1.3029654893744513
2023-11-01,12.65,1.0004727922107446,1.3035815213086965
2023-11-03,12.15,1.0004551316162889,1.304174822473454
2023-11-06,12.15,1.0004551316162889,1.3047683936683294
2023-11-07,12.15,1.0004551316162889,1.3053622350162224
2023-11-08,12.15,1.0004551316162889,1.3059563466400879
2023-11-09,12.15,1.0004551316162889,1.3065507286629368
2023-11-10,12.15,1.0004551316162889,1.3071453812078364
2023-11-13,12.15,1.0004551316162889,1.3077403043979101
2023-11-14,12.15,1.0004551316162889,1.308335498356337
2023-11-16,12.15,1.0004551316162889,1.308930963206352
2023-11-17,12.15,1.0004551316162889,1.3095266990712466
2023-11-20,12.15,1.0004551316162889,1.3101227060743683
2023-11-21,12.15,1.0004551316162889,1.3107189843391207
2023-11-22,12.15,1.0004551316162889,1.3113155339889635
2023-11-23,12.15,1.0004551316162889,1.3119123551474126
2023-11-24,12.15,1.0004551316162889,1.3125094479380401
2023-11-27,12.15,1.0004551316162889,1.3131068124844745
2023-11-28,12.15,1.0004551316162889,1.3137044489104004
2023-11-29,12.15,1.0004551316162889,1.314302357339559
2023-11-30,12.15,1.0004551316162889,1.314900537895747
2023-12-01,12.15,1.0004551316162889,1.3154989907028185
2023-12-04,12.15,1.0004551316162889,1.3160977158846834
2023-12-05,12.15,1.0004551316162889,1.316696713565308
2023-12-06,12.15,1.0004551316162889,1.3172959838687153
2023-12-07,12.15,1.0004551316162889,1.3178955269189843
2023-12-08,12.15,1.0004551316162889,1.3184953428402508
2023-12-11,12.15,1.0004551316162889,1.319095431756707
2023-12-12,12.15,1.0004551316162889,1.3196957937926017
2023-12-13,12.15,1.0004551316162889,1.32029642907224
2023-12-14,11.65,1.0004373924230159,1.3208739167264512
2023-12-15,11.65,1.0004373924230159,1.3214516569693866
2023-12-18,11.65,1.0004373924230159,1.3220296499115267
2023-12-19,11.65,1.0004373924230159,1.3226078956634004
2023-12-20,11.65,1.0004373924230159,1.3231863943355846
2023-12-21,11.65,1.0004373924230159,1.3237651460387048
2023-12-22,11.65,1.0004373924230159,1.3243441508834346
2023-12-26,11.65,1.0004373924230159,1.3249234089804964
2023-12-27,11.65,1.0004373924230159,1.325502920440661
2023-12-28,11.65,1.0004373924230159,1.3260826853747472
2023-12-29,11.65,1.0004373924230159,1.3266627038936227
2024-01-02,11.65,1.0004373924230159,1.3272429761082036
2024-01-03,11.65,1.0004373924230159,1.3278235021294544
2024-01-04,11.65,1.0004373924230159,1.3284042820683883
2024-01-05,11.65,1.0004373924230159,1.328985316036067
2024-01-08,11.65,1.0004373924230159,1.3295666041436005
2024-01-09,11.65,1.0004373924230159,1.3301481465021479
2024-01-10,11.65,1.0004373924230159,1.3307299432229165
2024-01-11,11.65,1.0004373924230159,1.3313119944171625
2024-01-12,11.65,1.0004373924230159,1.3318943001961907
2024-01-15,11.65,1.0004373924230159,1.3324768606713546
2024-01-16,11.65,1.0004373924230159,1.3330596759540563
2024-01-17,11.65,1.0004373924230159,1.3336427461557465
2024-01-18,11.65,1.0004373924230159,1.334226071387925
2024-01-19,11.65,1.0004373924230159,1.3348096517621404
2024-01-22,11.65,1.0004373924230159,1.3353934873899895
2024-01-23,11.65,1.0004373924230159,1.3359775783831187
2024-01-24,11.65,1.0004373924230159,1.3365619248532226
2024-01-25,11.65,1.0004373924230159,1.3371465269120448
2024-01-26,11.65,1.0004373924230159,1.337731384671378
2024-01-29,11.65,1.0004373924230159,1.338316498243064
2024-01-30,11.65,1.0004373924230159,1.3389018677389926
2024-01-31,11.65,1.0004373924230159,1.3394874932711034
2024-02-01,11.15,1.0004195739267734,1.340049507298519
2024-02-02,11.15,1.0004195739267734,1.340611757132367
2024-02-05,11.15,1.0004195739267734,1.3411742428715856
2024-02-06,11.15,1.0004195739267734,1.3417369646151545
2024-02-07,11.15,1.0004195739267734,1.342299922462095
2024-02-08,11.15,1.0004195739267734,1.3428631165114702
2024-02-09,11.15,1.0004195739267734,1.343426546862384
2024-02-14,11.15,1.0004195739267734,1.3439902136139827
2024-02-15,11.15,1.0004195739267734,1.3445541168654538
2024-02-16,11.15,1.0004195739267734,1.3451182567160263
2024-02-19,11.15,1.0004195739267734,1.3456826332649712
2024-02-20,11.15,1.0004195739267734,1.346247246611601
2024-02-21,11.15,1.0004195739267734,1.3468120968552695
2024-02-22,11.15,1.0004195739267734,1.347377184095373
2024-02-23,11.15,1.0004195739267734,1.3479425084313488
2024-02-26,11.15,1.0004195739267734,1.3485080699626761
2024-02-27,11.15,1.0004195739267734,1.349073868788876
2024-02-28,11.15,1.0004195739267734,1.3496399050095111
2024-02-29,11.15,1.0004195739267734,1.3502061787241861
2024-03-01,11.15,1.0004195739267734,1.3507726900325472
2024-03-04,11.15,1.0004195739267734,1.3513394390342823
2024-03-05,11.15,1.0004195739267734,1.3519064258291218
2024-03-06,11.15,1.0004195739267734,1.352473650516837
2024-03-07,11.15,1.0004195739267734,1.353041113197242
2024-03-08,11.15,1.0004195739267734,1.353608813970192
2024-03-11,11.15,1.0004195739267734,1.3541767529355846
2024-03-12,11.15,1.0004195739267734,1.354744930193359
2024-03-13,11.15,1.0004195739267734,1.3553133458434965
2024-03-14,11.15,1.0004195739267734,1.3558819999860203
2024-03-15,11.15,1.0004195739267734,1.3564508927209957
2024-03-18,11.15,1.0004195739267734,1.35702002414853
2024-03-19,11.15,1.0004195739267734,1.357589394368772
2024-03-20,11.15,1.0004195739267734,1.3581590034819133
2024-03-21,10.65,1.0004016754138976,1.3587045425617756
2024-03-22,10.65,1.0004016754138976,1.3592503007712737
2024-03-25,10.65,1.0004016754138976,1.3597962781984265
2024-03-26,10.65,1.0004016754138976,1.3603424749312882
2024-03-27,10.65,1.0004016754138976,1.3608888910579486
2024-03-28,10.65,1.0004016754138976,1.361435526666533
2024-04-01,10.65,1.0004016754138976,1.3619823818452017
2024-04-02,10.65,1.0004016754138976,1.3625294566821506
2024-04-03,10.65,1.0004016754138976,1.363076751265611
2024-04-04,10.65,1.0004016754138976,1.3636242656838498
2024-04-05,10.65,1.0004016754138976,1.3641720000251691
