date,ticker,close
2021-01-04,ARZZ3,68.0
2021-01-04,HAPV3,15.04
2021-01-04,LREN3,34.61
2021-01-04,MRFG3,14.22
2021-01-05,ARZZ3,66.96
2021-01-05,HAPV3,14.65
2021-01-05,LREN3,34.27
2021-01-05,MRFG3,14.13
2021-01-06,ARZZ3,63.0
2021-01-06,HAPV3,14.11
2021-01-06,LREN3,32.55
2021-01-06,MRFG3,13.7
2021-01-07,ARZZ3,62.92
2021-01-07,HAPV3,14.28
2021-01-07,LREN3,33.41
2021-01-07,MRFG3,13.76
2021-01-08,ARZZ3,64.1
2021-01-08,HAPV3,16.78
2021-01-08,LREN3,35.34
2021-01-08,MRFG3,13.93
2021-01-11,ARZZ3,63.1
2021-01-11,HAPV3,18.2
2021-01-11,LREN3,33.99
2021-01-11,MRFG3,13.88
2021-01-12,ARZZ3,63.81
2021-01-12,HAPV3,17.72
2021-01-12,LREN3,34.35
2021-01-12,MRFG3,14.13
2021-01-13,ARZZ3,63.8
2021-01-13,HAPV3,17.0
2021-01-13,LREN3,33.94
2021-01-13,MRFG3,14.11
2021-01-14,ARZZ3,66.21
2021-01-14,HAPV3,17.2
2021-01-14,LREN3,35.57
2021-01-14,MRFG3,14.01
2021-01-15,ARZZ3,67.41
2021-01-15,HAPV3,17.3
2021-01-15,LREN3,35.32
2021-01-15,MRFG3,13.89
2021-01-18,ARZZ3,68.71
2021-01-18,HAPV3,17.93
2021-01-18,LREN3,35.36
2021-01-18,MRFG3,13.8
2021-01-19,ARZZ3,70.25
2021-01-19,HAPV3,17.37
2021-01-19,LREN3,35.99
2021-01-19,MRFG3,13.59
2021-01-20,ARZZ3,70.0
2021-01-20,HAPV3,17.37
2021-01-20,LREN3,35.35
2021-01-20,MRFG3,13.45
2021-01-21,ARZZ3,70.0
2021-01-21,HAPV3,17.62
2021-01-21,LREN3,34.73
2021-01-21,MRFG3,13.25
2021-01-22,ARZZ3,69.48
2021-01-22,HAPV3,17.38
2021-01-22,LREN3,33.63
2021-01-22,MRFG3,13.12
2021-01-26,ARZZ3,69.01
2021-01-26,HAPV3,17.9
2021-01-26,LREN3,33.96
2021-01-26,MRFG3,12.73
2021-01-27,ARZZ3,71.03
2021-01-27,HAPV3,17.21
2021-01-27,LREN3,34.3
2021-01-27,MRFG3,13.06
2021-01-28,ARZZ3,72.59
2021-01-28,HAPV3,17.84
2021-01-28,LREN3,35.44
2021-01-28,MRFG3,13.2
2021-01-29,ARZZ3,70.57
2021-01-29,HAPV3,17.17
2021-01-29,LREN3,34.0
2021-01-29,MRFG3,13.21
2021-02-01,ARZZ3,71.9
2021-02-01,HAPV3,17.51
2021-02-01,LREN3,33.67
2021-02-01,MRFG3,13.23
2021-02-02,ARZZ3,72.5
2021-02-02,HAPV3,17.76
2021-02-02,LREN3,33.62
2021-02-02,MRFG3,13.47
2021-02-03,ARZZ3,72.5
2021-02-03,HAPV3,17.69
2021-02-03,LREN3,34.3
2021-02-03,MRFG3,13.99
2021-02-04,ARZZ3,74.51
2021-02-04,HAPV3,17.82
2021-02-04,LREN3,33.9
2021-02-04,MRFG3,14.2
2021-02-05,ARZZ3,74.0
2021-02-05,HAPV3,17.85
2021-02-05,LREN3,33.62
2021-02-05,MRFG3,14.23
2021-02-08,ARZZ3,74.56
2021-02-08,HAPV3,18.07
2021-02-08,LREN3,33.81
2021-02-08,MRFG3,14.35
2021-02-09,ARZZ3,75.05
2021-02-09,HAPV3,17.7
2021-02-09,LREN3,33.53
2021-02-09,MRFG3,14.5
2021-02-10,ARZZ3,74.0
2021-02-10,HAPV3,17.24
2021-02-10,LREN3,32.6
2021-02-10,MRFG3,14.29
2021-02-11,ARZZ3,74.53
2021-02-11,HAPV3,17.62
2021-02-11,LREN3,32.3
2021-02-11,MRFG3,14.59
2021-02-12,ARZZ3,76.0
2021-02-12,HAPV3,17.2
2021-02-12,LREN3,32.71
2021-02-12,MRFG3,14.53
2021-02-17,ARZZ3,76.01
2021-02-17,HAPV3,17.2
2021-02-17,LREN3,33.25
2021-02-17,MRFG3,15.13
2021-02-18,ARZZ3,75.5
2021-02-18,HAPV3,16.92
2021-02-18,LREN3,32.8
2021-02-18,MRFG3,14.74
2021-02-19,ARZZ3,77.0
2021-02-19,HAPV3,17.24
2021-02-19,LREN3,32.53
2021-02-19,MRFG3,14.28
2021-02-22,ARZZ3,77.28
2021-02-22,HAPV3,16.79
2021-02-22,LREN3,31.44
2021-02-22,MRFG3,13.8
2021-02-23,ARZZ3,75.33
2021-02-23,HAPV3,16.3
2021-02-23,LREN3,31.37
2021-02-23,MRFG3,14.12
2021-02-24,ARZZ3,74.56
2021-02-24,HAPV3,16.1
2021-02-24,LREN3,30.6
2021-02-24,MRFG3,14.71
2021-02-25,ARZZ3,72.31
2021-02-25,HAPV3,15.84
2021-02-25,LREN3,30.56
2021-02-25,MRFG3,14.1
2021-02-26,ARZZ3,71.32
2021-02-26,HAPV3,15.5
2021-02-26,LREN3,30.06
2021-02-26,MRFG3,13.82
2021-03-01,ARZZ3,71.2
2021-03-01,HAPV3,16.32
2021-03-01,LREN3,30.48
2021-03-01,MRFG3,14.23
2021-03-02,ARZZ3,71.83
2021-03-02,HAPV3,16.4
2021-03-02,LREN3,30.64
2021-03-02,MRFG3,14.6
2021-03-03,ARZZ3,70.9
2021-03-03,HAPV3,16.15
2021-03-03,LREN3,30.73
2021-03-03,MRFG3,14.73
2021-03-04,ARZZ3,73.0
2021-03-04,HAPV3,15.55
2021-03-04,LREN3,32.25
2021-03-04,MRFG3,14.59
2021-03-05,ARZZ3,78.49
2021-03-05,HAPV3,15.64
2021-03-05,LREN3,32.44
2021-03-05,MRFG3,14.9
2021-03-08,ARZZ3,72.36
2021-03-08,HAPV3,15.01
2021-03-08,LREN3,31.16
2021-03-08,MRFG3,15.55
2021-03-09,ARZZ3,70.67
2021-03-09,HAPV3,15.15
2021-03-09,LREN3,30.24
2021-03-09,MRFG3,15.84
2021-03-10,ARZZ3,72.36
2021-03-10,HAPV3,15.19
2021-03-10,LREN3,31.42
2021-03-10,MRFG3,15.07
2021-03-11,ARZZ3,73.97
2021-03-11,HAPV3,15.5
2021-03-11,LREN3,33.14
2021-03-11,MRFG3,15.42
2021-03-12,ARZZ3,72.99
2021-03-12,HAPV3,15.3
2021-03-12,LREN3,34.08
2021-03-12,MRFG3,15.28
2021-03-15,ARZZ3,73.57
2021-03-15,HAPV3,15.48
2021-03-15,LREN3,34.29
2021-03-15,MRFG3,15.78
2021-03-16,ARZZ3,73.34
2021-03-16,HAPV3,15.92
2021-03-16,LREN3,33.37
2021-03-16,MRFG3,15.85
2021-03-17,ARZZ3,74.46
2021-03-17,HAPV3,15.54
2021-03-17,LREN3,34.12
2021-03-17,MRFG3,15.79
2021-03-18,ARZZ3,72.97
2021-03-18,HAPV3,15.16
2021-03-18,LREN3,33.71
2021-03-18,MRFG3,15.61
2021-03-19,ARZZ3,72.83
2021-03-19,HAPV3,15.28
2021-03-19,LREN3,34.82
2021-03-19,MRFG3,15.87
2021-03-22,ARZZ3,72.33
2021-03-22,HAPV3,15.03
2021-03-22,LREN3,34.07
2021-03-22,MRFG3,16.26
2021-03-23,ARZZ3,73.43
2021-03-23,HAPV3,15.26
2021-03-23,LREN3,34.15
2021-03-23,MRFG3,16.9
2021-03-24,ARZZ3,69.08
2021-03-24,HAPV3,14.78
2021-03-24,LREN3,33.54
2021-03-24,MRFG3,17.05
2021-03-25,ARZZ3,69.83
2021-03-25,HAPV3,15.45
2021-03-25,LREN3,35.15
2021-03-25,MRFG3,17.12
2021-03-26,ARZZ3,70.5
2021-03-26,HAPV3,15.2
2021-03-26,LREN3,34.42
2021-03-26,MRFG3,16.73
2021-03-29,ARZZ3,69.11
2021-03-29,HAPV3,14.96
2021-03-29,LREN3,34.02
2021-03-29,MRFG3,17.45
2021-03-30,ARZZ3,70.8
2021-03-30,HAPV3,15.0
2021-03-30,LREN3,36.01
2021-03-30,MRFG3,17.3
2021-03-31,ARZZ3,70.35
2021-03-31,HAPV3,14.88
2021-03-31,LREN3,34.92
2021-03-31,MRFG3,17.51
2021-04-01,ARZZ3,69.91
2021-04-01,HAPV3,14.83
2021-04-01,LREN3,35.19
2021-04-01,MRFG3,17.77
2021-04-05,ARZZ3,71.03
2021-04-05,HAPV3,14.77
2021-04-05,LREN3,35.55
2021-04-05,MRFG3,17.42
2021-04-06,ARZZ3,72.99
2021-04-06,HAPV3,14.65
2021-04-06,LREN3,35.94
2021-04-06,MRFG3,17.49
2021-04-07,ARZZ3,71.7
2021-04-07,HAPV3,15.22
2021-04-07,LREN3,35.36
2021-04-07,MRFG3,17.73
2021-04-08,ARZZ3,73.13
2021-04-08,HAPV3,14.88
2021-04-08,LREN3,34.79
2021-04-08,MRFG3,18.03
2021-04-09,ARZZ3,74.49
2021-04-09,HAPV3,14.87
2021-04-09,LREN3,34.03
2021-04-09,MRFG3,18.24
2021-04-12,ARZZ3,74.38
2021-04-12,HAPV3,14.81
2021-04-12,LREN3,33.67
2021-04-12,MRFG3,18.14
2021-04-13,ARZZ3,74.39
2021-04-13,HAPV3,15.19
2021-04-13,LREN3,34.03
2021-04-13,MRFG3,17.76
2021-04-14,ARZZ3,74.71
2021-04-14,HAPV3,15.11
2021-04-14,LREN3,34.02
2021-04-14,MRFG3,18.74
2021-04-15,ARZZ3,80.95
2021-04-15,HAPV3,15.11
2021-04-15,LREN3,34.36
2021-04-15,MRFG3,19.19
2021-04-16,ARZZ3,79.58
2021-04-16,HAPV3,15.34
2021-04-16,LREN3,38.76
2021-04-16,MRFG3,19.25
2021-04-19,ARZZ3,78.56
2021-04-19,HAPV3,15.08
2021-04-19,LREN3,37.38
2021-04-19,MRFG3,19.69
2021-04-20,ARZZ3,78.83
2021-04-20,HAPV3,15.28
2021-04-20,LREN3,35.87
2021-04-20,MRFG3,20.59
2021-04-22,ARZZ3,78.92
2021-04-22,HAPV3,14.86
2021-04-22,LREN3,33.72
2021-04-22,MRFG3,20.8
2021-04-23,ARZZ3,79.5
2021-04-23,HAPV3,14.73
2021-04-23,LREN3,33.74
2021-04-23,MRFG3,20.37
2021-04-26,ARZZ3,76.91
2021-04-26,HAPV3,14.81
2021-04-26,LREN3,34.26
2021-04-26,MRFG3,20.26
2021-04-27,ARZZ3,76.47
2021-04-27,HAPV3,14.47
2021-04-27,LREN3,33.39
2021-04-27,MRFG3,19.88
2021-04-28,ARZZ3,76.82
2021-04-28,HAPV3,14.7
2021-04-28,LREN3,33.06
2021-04-28,MRFG3,18.94
2021-04-29,ARZZ3,76.17
2021-04-29,HAPV3,14.76
2021-04-29,LREN3,33.03
2021-04-29,MRFG3,19.29
2021-04-30,ARZZ3,75.65
2021-04-30,HAPV3,14.44
2021-04-30,LREN3,33.39
2021-04-30,MRFG3,19.28
2021-05-03,ARZZ3,75.62
2021-05-03,HAPV3,15.02
2021-05-03,LREN3,33.88
2021-05-03,MRFG3,18.76
2021-05-04,ARZZ3,76.0
2021-05-04,HAPV3,14.88
2021-05-04,LREN3,33.96
2021-05-04,MRFG3,19.18
2021-05-05,ARZZ3,79.45
2021-05-05,HAPV3,14.86
2021-05-05,LREN3,34.21
2021-05-05,MRFG3,19.69
2021-05-06,ARZZ3,80.0
2021-05-06,HAPV3,14.8
2021-05-06,LREN3,34.56
2021-05-06,MRFG3,19.1
2021-05-07,ARZZ3,81.09
2021-05-07,HAPV3,15.32
2021-05-07,LREN3,36.0
2021-05-07,MRFG3,19.43
2021-05-10,ARZZ3,81.68
2021-05-10,HAPV3,14.95
2021-05-10,LREN3,36.27
2021-05-10,MRFG3,20.11
2021-05-11,ARZZ3,82.0
2021-05-11,HAPV3,14.94
2021-05-11,LREN3,36.79
2021-05-11,MRFG3,20.6
2021-05-12,ARZZ3,80.4
2021-05-12,HAPV3,14.2
2021-05-12,LREN3,35.69
2021-05-12,MRFG3,19.01
2021-05-13,ARZZ3,81.18
2021-05-13,HAPV3,14.6
2021-05-13,LREN3,36.46
2021-05-13,MRFG3,18.3
2021-05-14,ARZZ3,83.84
2021-05-14,HAPV3,14.74
2021-05-14,LREN3,36.16
2021-05-14,MRFG3,18.46
2021-05-17,ARZZ3,85.46
2021-05-17,HAPV3,14.61
2021-05-17,LREN3,37.27
2021-05-17,MRFG3,18.37
2021-05-18,ARZZ3,85.0
2021-05-18,HAPV3,14.69
2021-05-18,LREN3,36.94
2021-05-18,MRFG3,18.17
2021-05-19,ARZZ3,84.8
2021-05-19,HAPV3,14.56
2021-05-19,LREN3,36.67
2021-05-19,MRFG3,18.89
2021-05-20,ARZZ3,84.71
2021-05-20,HAPV3,14.91
2021-05-20,LREN3,36.39
2021-05-20,MRFG3,18.93
2021-05-21,ARZZ3,84.84
2021-05-21,HAPV3,15.16
2021-05-21,LREN3,36.5
2021-05-21,MRFG3,17.95
2021-05-24,ARZZ3,85.76
2021-05-24,HAPV3,15.6
2021-05-24,LREN3,36.38
2021-05-24,MRFG3,17.89
2021-05-25,ARZZ3,85.82
2021-05-25,HAPV3,15.63
2021-05-25,LREN3,37.23
2021-05-25,MRFG3,17.93
2021-05-26,ARZZ3,86.1
2021-05-26,HAPV3,15.76
2021-05-26,LREN3,38.02
2021-05-26,MRFG3,18.42
2021-05-27,ARZZ3,87.51
2021-05-27,HAPV3,15.76
2021-05-27,LREN3,38.84
2021-05-27,MRFG3,18.16
2021-05-28,ARZZ3,89.03
2021-05-28,HAPV3,15.95
2021-05-28,LREN3,39.2
2021-05-28,MRFG3,18.15
2021-05-31,ARZZ3,88.63
2021-05-31,HAPV3,16.0
2021-05-31,LREN3,38.68
2021-05-31,MRFG3,18.27
2021-06-01,ARZZ3,88.3
2021-06-01,HAPV3,16.0
2021-06-01,LREN3,39.56
2021-06-01,MRFG3,18.38
2021-06-02,ARZZ3,87.35
2021-06-02,HAPV3,15.8
2021-06-02,LREN3,39.53
2021-06-02,MRFG3,18.85
2021-06-04,ARZZ3,85.8
2021-06-04,HAPV3,15.68
2021-06-04,LREN3,39.75
2021-06-04,MRFG3,18.61
2021-06-07,ARZZ3,85.51
2021-06-07,HAPV3,15.8
2021-06-07,LREN3,40.0
2021-06-07,MRFG3,18.2
2021-06-08,ARZZ3,87.6
2021-06-08,HAPV3,15.8
2021-06-08,LREN3,40.31
2021-06-08,MRFG3,18.06
2021-06-09,ARZZ3,88.36
2021-06-09,HAPV3,15.6
2021-06-09,LREN3,39.59
2021-06-09,MRFG3,18.33
2021-06-10,ARZZ3,88.11
2021-06-10,HAPV3,15.58
2021-06-10,LREN3,39.36
2021-06-10,MRFG3,18.54
2021-06-11,ARZZ3,88.2
2021-06-11,HAPV3,15.26
2021-06-11,LREN3,38.38
2021-06-11,MRFG3,18.5
2021-06-14,ARZZ3,92.19
2021-06-14,HAPV3,15.12
2021-06-14,LREN3,39.61
2021-06-14,MRFG3,18.95
2021-06-15,ARZZ3,91.35
2021-06-15,HAPV3,15.13
2021-06-15,LREN3,39.3
2021-06-15,MRFG3,19.37
2021-06-16,ARZZ3,91.38
2021-06-16,HAPV3,15.3
2021-06-16,LREN3,38.53
2021-06-16,MRFG3,19.06
2021-06-17,ARZZ3,92.63
2021-06-17,HAPV3,15.62
2021-06-17,LREN3,38.26
2021-06-17,MRFG3,18.55
2021-06-18,ARZZ3,94.27
2021-06-18,HAPV3,15.5
2021-06-18,LREN3,38.43
2021-06-18,MRFG3,18.53
2021-06-21,ARZZ3,95.93
2021-06-21,HAPV3,15.42
2021-06-21,LREN3,38.25
2021-06-21,MRFG3,18.65
2021-06-22,ARZZ3,95.0
2021-06-22,HAPV3,15.77
2021-06-22,LREN3,37.84
2021-06-22,MRFG3,18.43
2021-06-23,ARZZ3,93.71
2021-06-23,HAPV3,15.67
2021-06-23,LREN3,37.13
2021-06-23,MRFG3,18.49
2021-06-24,ARZZ3,94.3
2021-06-24,HAPV3,15.78
2021-06-24,LREN3,37.74
2021-06-24,MRFG3,18.85
2021-06-25,ARZZ3,92.79
2021-06-25,HAPV3,15.34
2021-06-25,LREN3,37.27
2021-06-25,MRFG3,18.98
2021-06-28,ARZZ3,94.95
2021-06-28,HAPV3,15.6
2021-06-28,LREN3,37.44
2021-06-28,MRFG3,19.17
2021-06-29,ARZZ3,95.08
2021-06-29,HAPV3,15.6
2021-06-29,LREN3,36.53
2021-06-29,MRFG3,18.98
2021-06-30,ARZZ3,94.5
2021-06-30,HAPV3,15.41
2021-06-30,LREN3,36.55
2021-06-30,MRFG3,19.03
2021-07-01,ARZZ3,93.51
2021-07-01,HAPV3,14.99
2021-07-01,LREN3,35.4
2021-07-01,MRFG3,19.34
2021-07-02,ARZZ3,95.42
2021-07-02,HAPV3,15.28
2021-07-02,LREN3,35.86
2021-07-02,MRFG3,19.15
2021-07-05,ARZZ3,96.05
2021-07-05,HAPV3,15.04
2021-07-05,LREN3,35.96
2021-07-05,MRFG3,19.08
2021-07-06,ARZZ3,95.81
2021-07-06,HAPV3,14.97
2021-07-06,LREN3,35.79
2021-07-06,MRFG3,18.93
2021-07-07,ARZZ3,96.47
2021-07-07,HAPV3,15.32
2021-07-07,LREN3,36.71
2021-07-07,MRFG3,18.95
2021-07-08,ARZZ3,96.04
2021-07-08,HAPV3,15.0
2021-07-08,LREN3,36.83
2021-07-08,MRFG3,18.8
2021-07-12,ARZZ3,96.62
2021-07-12,HAPV3,15.29
2021-07-12,LREN3,37.1
2021-07-12,MRFG3,18.63
2021-07-13,ARZZ3,97.13
2021-07-13,HAPV3,15.48
2021-07-13,LREN3,37.5
2021-07-13,MRFG3,18.55
2021-07-14,ARZZ3,99.46
2021-07-14,HAPV3,15.37
2021-07-14,LREN3,37.39
2021-07-14,MRFG3,18.57
2021-07-15,ARZZ3,100.81
2021-07-15,HAPV3,15.31
2021-07-15,LREN3,37.17
2021-07-15,MRFG3,18.43
2021-07-16,ARZZ3,99.57
2021-07-16,HAPV3,15.36
2021-07-16,LREN3,37.21
2021-07-16,MRFG3,18.72
2021-07-19,ARZZ3,98.16
2021-07-19,HAPV3,15.21
2021-07-19,LREN3,36.32
2021-07-19,MRFG3,18.76
2021-07-20,ARZZ3,97.23
2021-07-20,HAPV3,14.75
2021-07-20,LREN3,35.95
2021-07-20,MRFG3,19.56
2021-07-21,ARZZ3,96.81
2021-07-21,HAPV3,14.46
2021-07-21,LREN3,35.69
2021-07-21,MRFG3,19.37
2021-07-22,ARZZ3,98.12
2021-07-22,HAPV3,14.55
2021-07-22,LREN3,36.24
2021-07-22,MRFG3,20.02
2021-07-23,ARZZ3,97.73
2021-07-23,HAPV3,14.59
2021-07-23,LREN3,35.79
2021-07-23,MRFG3,19.97
2021-07-26,ARZZ3,96.27
2021-07-26,HAPV3,14.3
2021-07-26,LREN3,35.16
2021-07-26,MRFG3,20.26
2021-07-27,ARZZ3,93.86
2021-07-27,HAPV3,14.35
2021-07-27,LREN3,34.7
2021-07-27,MRFG3,19.93
2021-07-28,ARZZ3,93.34
2021-07-28,HAPV3,14.61
2021-07-28,LREN3,34.76
2021-07-28,MRFG3,19.96
2021-07-29,ARZZ3,92.55
2021-07-29,HAPV3,14.66
2021-07-29,LREN3,34.82
2021-07-29,MRFG3,19.98
2021-07-30,ARZZ3,90.52
2021-07-30,HAPV3,14.23
2021-07-30,LREN3,34.13
2021-07-30,MRFG3,19.5
2021-08-02,ARZZ3,92.08
2021-08-02,HAPV3,14.48
2021-08-02,LREN3,34.45
2021-08-02,MRFG3,19.69
2021-08-03,ARZZ3,92.03
2021-08-03,HAPV3,14.5
2021-08-03,LREN3,34.66
2021-08-03,MRFG3,19.39
2021-08-04,ARZZ3,91.79
2021-08-04,HAPV3,14.36
2021-08-04,LREN3,34.28
2021-08-04,MRFG3,18.95
2021-08-05,ARZZ3,92.0
2021-08-05,HAPV3,14.39
2021-08-05,LREN3,34.07
2021-08-05,MRFG3,18.72
2021-08-06,ARZZ3,93.6
2021-08-06,HAPV3,14.26
2021-08-06,LREN3,34.05
2021-08-06,MRFG3,18.72
2021-08-09,ARZZ3,92.9
2021-08-09,HAPV3,14.15
2021-08-09,LREN3,33.98
2021-08-09,MRFG3,19.41
2021-08-10,ARZZ3,92.1
2021-08-10,HAPV3,13.94
2021-08-10,LREN3,33.51
2021-08-10,MRFG3,19.45
2021-08-11,ARZZ3,91.98
2021-08-11,HAPV3,13.96
2021-08-11,LREN3,33.72
2021-08-11,MRFG3,19.58
2021-08-12,ARZZ3,92.78
2021-08-12,HAPV3,14.85
2021-08-12,LREN3,33.33
2021-08-12,MRFG3,19.3
2021-08-13,ARZZ3,91.44
2021-08-13,HAPV3,15.35
2021-08-13,LREN3,33.75
2021-08-13,MRFG3,19.34
2021-08-16,ARZZ3,89.7
2021-08-16,HAPV3,15.03
2021-08-16,LREN3,32.86
2021-08-16,MRFG3,19.11
2021-08-17,ARZZ3,87.58
2021-08-17,HAPV3,14.74
2021-08-17,LREN3,32.63
2021-08-17,MRFG3,19.11
2021-08-18,ARZZ3,87.8
2021-08-18,HAPV3,14.6
2021-08-18,LREN3,32.23
2021-08-18,MRFG3,19.29
2021-08-19,ARZZ3,89.2
2021-08-19,HAPV3,14.93
2021-08-19,LREN3,32.6
2021-08-19,MRFG3,19.84
2021-08-20,ARZZ3,90.4
2021-08-20,HAPV3,15.53
2021-08-20,LREN3,32.4
2021-08-20,MRFG3,20.05
2021-08-23,ARZZ3,90.25
2021-08-23,HAPV3,15.2
2021-08-23,LREN3,31.45
2021-08-23,MRFG3,20.73
2021-08-24,ARZZ3,91.74
2021-08-24,HAPV3,15.28
2021-08-24,LREN3,32.15
2021-08-24,MRFG3,20.77
2021-08-25,ARZZ3,92.63
2021-08-25,HAPV3,15.28
2021-08-25,LREN3,32.5
2021-08-25,MRFG3,20.79
2021-08-26,ARZZ3,91.32
2021-08-26,HAPV3,14.96
2021-08-26,LREN3,31.33
2021-08-26,MRFG3,20.84
2021-08-27,ARZZ3,92.39
2021-08-27,HAPV3,14.85
2021-08-27,LREN3,31.58
2021-08-27,MRFG3,20.88
2021-08-30,ARZZ3,91.53
2021-08-30,HAPV3,14.81
2021-08-30,LREN3,31.39
2021-08-30,MRFG3,20.85
2021-08-31,ARZZ3,89.42
2021-08-31,HAPV3,14.72
2021-08-31,LREN3,31.45
2021-08-31,MRFG3,20.37
2021-09-01,ARZZ3,88.44
2021-09-01,HAPV3,14.92
2021-09-01,LREN3,30.99
2021-09-01,MRFG3,21.37
2021-09-02,ARZZ3,85.79
2021-09-02,HAPV3,14.71
2021-09-02,LREN3,30.19
2021-09-02,MRFG3,20.91
2021-09-03,ARZZ3,85.89
2021-09-03,HAPV3,14.89
2021-09-03,LREN3,30.68
2021-09-03,MRFG3,21.22
2021-09-06,ARZZ3,86.6
2021-09-06,HAPV3,15.16
2021-09-06,LREN3,30.68
2021-09-06,MRFG3,21.77
2021-09-08,ARZZ3,82.53
2021-09-08,HAPV3,14.57
2021-09-08,LREN3,29.07
2021-09-08,MRFG3,21.74
2021-09-09,ARZZ3,83.31
2021-09-09,HAPV3,14.86
2021-09-09,LREN3,29.6
2021-09-09,MRFG3,22.3
2021-09-10,ARZZ3,83.16
2021-09-10,HAPV3,14.66
2021-09-10,LREN3,29.89
2021-09-10,MRFG3,22.85
2021-09-13,ARZZ3,84.1
2021-09-13,HAPV3,15.18
2021-09-13,LREN3,30.72
2021-09-13,MRFG3,21.27
2021-09-14,ARZZ3,84.68
2021-09-14,HAPV3,15.23
2021-09-14,LREN3,30.89
2021-09-14,MRFG3,21.39
2021-09-15,ARZZ3,84.38
2021-09-15,HAPV3,15.38
2021-09-15,LREN3,30.4
2021-09-15,MRFG3,21.29
2021-09-16,ARZZ3,83.92
2021-09-16,HAPV3,15.28
2021-09-16,LREN3,30.79
2021-09-16,MRFG3,21.51
2021-09-17,ARZZ3,83.29
2021-09-17,HAPV3,15.25
2021-09-17,LREN3,30.21
2021-09-17,MRFG3,21.1
2021-09-20,ARZZ3,82.98
2021-09-20,HAPV3,14.88
2021-09-20,LREN3,29.51
2021-09-20,MRFG3,20.73
2021-09-21,ARZZ3,86.76
2021-09-21,HAPV3,15.18
2021-09-21,LREN3,30.21
2021-09-21,MRFG3,21.12
2021-09-22,ARZZ3,86.5
2021-09-22,HAPV3,14.59
2021-09-22,LREN3,30.26
2021-09-22,MRFG3,21.34
2021-09-23,ARZZ3,87.95
2021-09-23,HAPV3,14.89
2021-09-23,LREN3,30.74
2021-09-23,MRFG3,22.28
2021-09-24,ARZZ3,90.0
2021-09-24,HAPV3,14.74
2021-09-24,LREN3,30.56
2021-09-24,MRFG3,22.53
2021-09-27,ARZZ3,87.54
2021-09-27,HAPV3,14.47
2021-09-27,LREN3,29.63
2021-09-27,MRFG3,24.14
2021-09-28,ARZZ3,82.62
2021-09-28,HAPV3,13.63
2021-09-28,LREN3,28.3
2021-09-28,MRFG3,24.2
2021-09-29,ARZZ3,83.0
2021-09-29,HAPV3,13.6
2021-09-29,LREN3,28.5
2021-09-29,MRFG3,25.18
2021-09-30,ARZZ3,82.87
2021-09-30,HAPV3,13.59
2021-09-30,LREN3,28.45
2021-09-30,MRFG3,25.51
2021-10-01,ARZZ3,85.69
2021-10-01,HAPV3,13.44
2021-10-01,LREN3,29.93
2021-10-01,MRFG3,25.65
2021-10-04,ARZZ3,80.1
2021-10-04,HAPV3,12.82
2021-10-04,LREN3,28.36
2021-10-04,MRFG3,25.7
2021-10-05,ARZZ3,78.98
2021-10-05,HAPV3,12.83
2021-10-05,LREN3,28.29
2021-10-05,MRFG3,26.08
2021-10-06,ARZZ3,78.95
2021-10-06,HAPV3,12.59
2021-10-06,LREN3,27.93
2021-10-06,MRFG3,25.89
2021-10-07,ARZZ3,79.42
2021-10-07,HAPV3,12.5
2021-10-07,LREN3,27.91
2021-10-07,MRFG3,25.56
2021-10-08,ARZZ3,84.1
2021-10-08,HAPV3,12.87
2021-10-08,LREN3,28.68
2021-10-08,MRFG3,26.0
2021-10-11,ARZZ3,83.01
2021-10-11,HAPV3,12.89
2021-10-11,LREN3,28.02
2021-10-11,MRFG3,26.21
2021-10-13,ARZZ3,85.9
2021-10-13,HAPV3,12.91
2021-10-13,LREN3,28.74
2021-10-13,MRFG3,26.91
2021-10-14,ARZZ3,85.4
2021-10-14,HAPV3,12.73
2021-10-14,LREN3,28.6
2021-10-14,MRFG3,27.54
2021-10-15,ARZZ3,89.16
2021-10-15,HAPV3,13.01
2021-10-15,LREN3,29.55
2021-10-15,MRFG3,27.0
2021-10-18,ARZZ3,88.02
2021-10-18,HAPV3,12.6
2021-10-18,LREN3,29.74
2021-10-18,MRFG3,26.34
2021-10-19,ARZZ3,83.35
2021-10-19,HAPV3,12.08
2021-10-19,LREN3,28.45
2021-10-19,MRFG3,25.87
2021-10-20,ARZZ3,82.63
2021-10-20,HAPV3,11.73
2021-10-20,LREN3,29.04
2021-10-20,MRFG3,25.59
2021-10-21,ARZZ3,79.74
2021-10-21,HAPV3,11.61
2021-10-21,LREN3,27.6
2021-10-21,MRFG3,25.15
2021-10-22,ARZZ3,78.09
2021-10-22,HAPV3,11.61
2021-10-22,LREN3,26.49
2021-10-22,MRFG3,24.98
2021-10-25,ARZZ3,80.45
2021-10-25,HAPV3,11.85
2021-10-25,LREN3,27.15
2021-10-25,MRFG3,24.68
2021-10-26,ARZZ3,77.43
2021-10-26,HAPV3,11.53
2021-10-26,LREN3,26.02
2021-10-26,MRFG3,24.47
2021-10-27,ARZZ3,77.87
2021-10-27,HAPV3,11.87
2021-10-27,LREN3,26.75
2021-10-27,MRFG3,25.13
2021-10-28,ARZZ3,75.96
2021-10-28,HAPV3,11.73
2021-10-28,LREN3,26.74
2021-10-28,MRFG3,25.02
2021-10-29,ARZZ3,73.9
2021-10-29,HAPV3,11.54
2021-10-29,LREN3,26.64
2021-10-29,MRFG3,26.35
2021-11-01,ARZZ3,76.01
2021-11-01,HAPV3,11.77
2021-11-01,LREN3,27.44
2021-11-01,MRFG3,25.3
2021-11-03,ARZZ3,80.06
2021-11-03,HAPV3,12.38
2021-11-03,LREN3,28.81
2021-11-03,MRFG3,25.7
2021-11-04,ARZZ3,79.6
2021-11-04,HAPV3,12.26
2021-11-04,LREN3,28.18
2021-11-04,MRFG3,26.63
2021-11-05,ARZZ3,79.18
2021-11-05,HAPV3,12.75
2021-11-05,LREN3,28.73
2021-11-05,MRFG3,26.22
2021-11-08,ARZZ3,76.5
2021-11-08,HAPV3,12.76
2021-11-08,LREN3,28.18
2021-11-08,MRFG3,26.73
2021-11-09,ARZZ3,76.25
2021-11-09,HAPV3,13.28
2021-11-09,LREN3,29.38
2021-11-09,MRFG3,26.69
2021-11-10,ARZZ3,77.75
2021-11-10,HAPV3,13.3
2021-11-10,LREN3,29.78
2021-11-10,MRFG3,25.85
2021-11-11,ARZZ3,80.7
2021-11-11,HAPV3,13.74
2021-11-11,LREN3,30.85
2021-11-11,MRFG3,26.0
2021-11-12,ARZZ3,78.04
2021-11-12,HAPV3,13.2
2021-11-12,LREN3,29.3
2021-11-12,MRFG3,26.36
2021-11-16,ARZZ3,73.68
2021-11-16,HAPV3,12.86
2021-11-16,LREN3,28.37
2021-11-16,MRFG3,25.56
2021-11-17,ARZZ3,70.57
2021-11-17,HAPV3,12.59
2021-11-17,LREN3,28.16
2021-11-17,MRFG3,25.29
2021-11-18,ARZZ3,73.0
2021-11-18,HAPV3,13.06
2021-11-18,LREN3,28.95
2021-11-18,MRFG3,25.84
2021-11-19,ARZZ3,76.01
2021-11-19,HAPV3,13.19
2021-11-19,LREN3,29.38
2021-11-19,MRFG3,25.74
2021-11-22,ARZZ3,73.27
2021-11-22,HAPV3,12.77
2021-11-22,LREN3,28.35
2021-11-22,MRFG3,24.91
2021-11-23,ARZZ3,71.07
2021-11-23,HAPV3,12.84
2021-11-23,LREN3,28.32
2021-11-23,MRFG3,25.57
2021-11-24,ARZZ3,71.3
2021-11-24,HAPV3,12.53
2021-11-24,LREN3,27.83
2021-11-24,MRFG3,25.03
2021-11-25,ARZZ3,71.81
2021-11-25,HAPV3,12.27
2021-11-25,LREN3,27.97
2021-11-25,MRFG3,24.31
2021-11-26,ARZZ3,69.14
2021-11-26,HAPV3,11.66
2021-11-26,LREN3,26.69
2021-11-26,MRFG3,23.57
2021-11-29,ARZZ3,68.2
2021-11-29,HAPV3,11.9
2021-11-29,LREN3,26.31
2021-11-29,MRFG3,23.74
2021-11-30,ARZZ3,67.16
2021-11-30,HAPV3,10.91
2021-11-30,LREN3,25.86
2021-11-30,MRFG3,23.44
2021-12-01,ARZZ3,68.72
2021-12-01,HAPV3,10.33
2021-12-01,LREN3,25.72
2021-12-01,MRFG3,21.75
2021-12-02,ARZZ3,72.3
2021-12-02,HAPV3,11.02
2021-12-02,LREN3,26.01
2021-12-02,MRFG3,22.01
2021-12-03,ARZZ3,74.18
2021-12-03,HAPV3,11.43
2021-12-03,LREN3,26.59
2021-12-03,MRFG3,20.75
2021-12-06,ARZZ3,75.1
2021-12-06,HAPV3,11.23
2021-12-06,LREN3,27.08
2021-12-06,MRFG3,20.73
2021-12-07,ARZZ3,74.11
2021-12-07,HAPV3,11.18
2021-12-07,LREN3,26.78
2021-12-07,MRFG3,21.13
2021-12-08,ARZZ3,76.66
2021-12-08,HAPV3,11.32
2021-12-08,LREN3,26.91
2021-12-08,MRFG3,22.46
2021-12-09,ARZZ3,75.67
2021-12-09,HAPV3,11.21
2021-12-09,LREN3,25.68
2021-12-09,MRFG3,21.88
2021-12-10,ARZZ3,77.95
2021-12-10,HAPV3,11.2
2021-12-10,LREN3,25.82
2021-12-10,MRFG3,21.9
2021-12-13,ARZZ3,77.68
2021-12-13,HAPV3,11.55
2021-12-13,LREN3,25.28
2021-12-13,MRFG3,21.94
2021-12-14,ARZZ3,75.84
2021-12-14,HAPV3,11.31
2021-12-14,LREN3,24.05
2021-12-14,MRFG3,23.44
2021-12-15,ARZZ3,79.11
2021-12-15,HAPV3,11.36
2021-12-15,LREN3,24.54
2021-12-15,MRFG3,23.13
2021-12-16,ARZZ3,77.09
2021-12-16,HAPV3,11.54
2021-12-16,LREN3,23.82
2021-12-16,MRFG3,22.8
2021-12-17,ARZZ3,76.13
2021-12-17,HAPV3,11.37
2021-12-17,LREN3,23.85
2021-12-17,MRFG3,23.65
2021-12-20,ARZZ3,74.75
2021-12-20,HAPV3,11.25
2021-12-20,LREN3,22.96
2021-12-20,MRFG3,23.2
2021-12-21,ARZZ3,74.15
2021-12-21,HAPV3,11.42
2021-12-21,LREN3,22.45
2021-12-21,MRFG3,23.26
2021-12-22,ARZZ3,74.6
2021-12-22,HAPV3,11.05
2021-12-22,LREN3,22.36
2021-12-22,MRFG3,21.7
2021-12-23,ARZZ3,74.17
2021-12-23,HAPV3,10.59
2021-12-23,LREN3,21.97
2021-12-23,MRFG3,22.6
2021-12-27,ARZZ3,74.91
2021-12-27,HAPV3,10.59
2021-12-27,LREN3,22.15
2021-12-27,MRFG3,22.14
2021-12-28,ARZZ3,75.1
2021-12-28,HAPV3,10.31
2021-12-28,LREN3,22.24
2021-12-28,MRFG3,22.65
2021-12-29,ARZZ3,74.38
2021-12-29,HAPV3,10.09
2021-12-29,LREN3,21.73
2021-12-29,MRFG3,22.79
2021-12-30,ARZZ3,76.77
2021-12-30,HAPV3,10.38
2021-12-30,LREN3,22.22
2021-12-30,MRFG3,21.94
2022-01-03,ARZZ3,72.23
2022-01-03,HAPV3,10.05
2022-01-03,LREN3,20.98
2022-01-03,MRFG3,21.15
2022-01-04,ARZZ3,70.1
2022-01-04,HAPV3,9.91
2022-01-04,LREN3,20.73
2022-01-04,MRFG3,21.39
2022-01-05,ARZZ3,66.73
2022-01-05,HAPV3,9.36
2022-01-05,LREN3,19.72
2022-01-05,MRFG3,21.22
2022-01-06,ARZZ3,67.95
2022-01-06,HAPV3,9.71
2022-01-06,LREN3,20.73
2022-01-06,MRFG3,21.22
2022-01-07,ARZZ3,67.41
2022-01-07,HAPV3,9.92
2022-01-07,LREN3,20.9
2022-01-07,MRFG3,21.05
2022-01-10,ARZZ3,64.78
2022-01-10,HAPV3,9.4
2022-01-10,LREN3,20.67
2022-01-10,MRFG3,21.34
2022-01-11,ARZZ3,66.59
2022-01-11,HAPV3,9.96
2022-01-11,LREN3,21.15
2022-01-11,MRFG3,21.16
2022-01-12,ARZZ3,68.66
2022-01-12,HAPV3,10.4
2022-01-12,LREN3,22.41
2022-01-12,MRFG3,21.5
2022-01-13,ARZZ3,68.38
2022-01-13,HAPV3,10.17
2022-01-13,LREN3,22.51
2022-01-13,MRFG3,22.61
2022-01-14,ARZZ3,68.06
2022-01-14,HAPV3,10.31
2022-01-14,LREN3,21.79
2022-01-14,MRFG3,23.38
2022-01-17,ARZZ3,67.7
2022-01-17,HAPV3,10.5
2022-01-17,LREN3,21.35
2022-01-17,MRFG3,23.12
2022-01-18,ARZZ3,66.89
2022-01-18,HAPV3,10.52
2022-01-18,LREN3,21.36
2022-01-18,MRFG3,22.49
2022-01-19,ARZZ3,70.4
2022-01-19,HAPV3,10.92
2022-01-19,LREN3,22.59
2022-01-19,MRFG3,22.56
2022-01-20,ARZZ3,74.47
2022-01-20,HAPV3,11.2
2022-01-20,LREN3,23.76
2022-01-20,MRFG3,22.22
2022-01-21,ARZZ3,75.45
2022-01-21,HAPV3,11.62
2022-01-21,LREN3,24.04
2022-01-21,MRFG3,22.31
2022-01-24,ARZZ3,74.12
2022-01-24,HAPV3,11.34
2022-01-24,LREN3,23.53
2022-01-24,MRFG3,23.36
2022-01-25,ARZZ3,77.7
2022-01-25,HAPV3,12.02
2022-01-25,LREN3,24.55
2022-01-25,MRFG3,23.5
2022-01-26,ARZZ3,81.91
2022-01-26,HAPV3,12.55
2022-01-26,LREN3,25.23
2022-01-26,MRFG3,22.95
2022-01-27,ARZZ3,79.67
2022-01-27,HAPV3,12.12
2022-01-27,LREN3,25.39
2022-01-27,MRFG3,22.26
2022-01-28,ARZZ3,79.08
2022-01-28,HAPV3,12.4
2022-01-28,LREN3,25.59
2022-01-28,MRFG3,22.44
2022-01-31,ARZZ3,81.79
2022-01-31,HAPV3,12.66
2022-01-31,LREN3,25.56
2022-01-31,MRFG3,22.35
2022-02-01,ARZZ3,81.12
2022-02-01,HAPV3,12.48
2022-02-01,LREN3,24.53
2022-02-01,MRFG3,22.18
2022-02-02,ARZZ3,82.0
2022-02-02,HAPV3,12.49
2022-02-02,LREN3,24.17
2022-02-02,MRFG3,21.63
2022-02-03,ARZZ3,82.99
2022-02-03,HAPV3,12.61
2022-02-03,LREN3,24.25
2022-02-03,MRFG3,20.03
2022-02-04,ARZZ3,82.3
2022-02-04,HAPV3,12.43
2022-02-04,LREN3,23.82
2022-02-04,MRFG3,20.2
2022-02-07,ARZZ3,81.35
2022-02-07,HAPV3,11.85
2022-02-07,LREN3,23.35
2022-02-07,MRFG3,20.75
2022-02-08,ARZZ3,81.22
2022-02-08,HAPV3,11.38
2022-02-08,LREN3,23.25
2022-02-08,MRFG3,21.79
2022-02-09,ARZZ3,82.03
2022-02-09,HAPV3,11.56
2022-02-09,LREN3,23.55
2022-02-09,MRFG3,22.21
2022-02-10,ARZZ3,84.44
2022-02-10,HAPV3,11.72
2022-02-10,LREN3,23.25
2022-02-10,MRFG3,22.76
2022-02-11,ARZZ3,83.56
2022-02-11,HAPV3,11.9
2022-02-11,LREN3,23.05
2022-02-11,MRFG3,22.82
2022-02-14,ARZZ3,83.88
2022-02-14,HAPV3,12.19
2022-02-14,LREN3,23.55
2022-02-14,MRFG3,22.24
2022-02-15,ARZZ3,87.1
2022-02-15,HAPV3,12.77
2022-02-15,LREN3,24.65
2022-02-15,MRFG3,22.16
2022-02-16,ARZZ3,85.4
2022-02-16,HAPV3,12.72
2022-02-16,LREN3,25.01
2022-02-16,MRFG3,21.68
2022-02-17,ARZZ3,83.77
2022-02-17,HAPV3,12.63
2022-02-17,LREN3,24.75
2022-02-17,MRFG3,22.59
2022-02-18,ARZZ3,83.2
2022-02-18,HAPV3,12.2
2022-02-18,LREN3,25.09
2022-02-18,MRFG3,22.2
2022-02-21,ARZZ3,79.71
2022-02-21,HAPV3,12.0
2022-02-21,LREN3,23.97
2022-02-21,MRFG3,21.19
2022-02-22,ARZZ3,82.39
2022-02-22,HAPV3,12.41
2022-02-22,LREN3,23.57
2022-02-22,MRFG3,22.0
2022-02-23,ARZZ3,82.43
2022-02-23,HAPV3,12.1
2022-02-23,LREN3,23.36
2022-02-23,MRFG3,22.07
2022-02-24,ARZZ3,81.86
2022-02-24,HAPV3,12.05
2022-02-24,LREN3,23.19
2022-02-24,MRFG3,22.85
2022-02-25,ARZZ3,81.22
2022-02-25,HAPV3,12.13
2022-02-25,LREN3,23.02
2022-02-25,MRFG3,22.04
2022-03-02,ARZZ3,80.19
2022-03-02,HAPV3,12.65
2022-03-02,LREN3,22.95
2022-03-02,MRFG3,22.62
2022-03-03,ARZZ3,79.3
2022-03-03,HAPV3,12.29
2022-03-03,LREN3,22.51
2022-03-03,MRFG3,21.92
2022-03-04,ARZZ3,77.66
2022-03-04,HAPV3,11.98
2022-03-04,LREN3,21.94
2022-03-04,MRFG3,20.84
2022-03-07,ARZZ3,73.59
2022-03-07,HAPV3,11.81
2022-03-07,LREN3,19.98
2022-03-07,MRFG3,21.18
2022-03-08,ARZZ3,74.44
2022-03-08,HAPV3,11.74
2022-03-08,LREN3,21.25
2022-03-08,MRFG3,21.74
2022-03-09,ARZZ3,77.35
2022-03-09,HAPV3,12.23
2022-03-09,LREN3,22.24
2022-03-09,MRFG3,22.37
2022-03-10,ARZZ3,77.49
2022-03-10,HAPV3,11.96
2022-03-10,LREN3,21.58
2022-03-10,MRFG3,21.62
2022-03-11,ARZZ3,77.19
2022-03-11,HAPV3,11.48
2022-03-11,LREN3,20.77
2022-03-11,MRFG3,20.14
2022-03-14,ARZZ3,77.3
2022-03-14,HAPV3,11.32
2022-03-14,LREN3,20.27
2022-03-14,MRFG3,20.14
2022-03-15,ARZZ3,79.61
2022-03-15,HAPV3,11.27
2022-03-15,LREN3,20.35
2022-03-15,MRFG3,20.13
2022-03-16,ARZZ3,79.38
2022-03-16,HAPV3,12.02
2022-03-16,LREN3,20.73
2022-03-16,MRFG3,20.37
2022-03-17,ARZZ3,80.94
2022-03-17,HAPV3,11.87
2022-03-17,LREN3,20.82
2022-03-17,MRFG3,20.67
2022-03-18,ARZZ3,80.43
2022-03-18,HAPV3,11.9
2022-03-18,LREN3,21.95
2022-03-18,MRFG3,21.2
2022-03-21,ARZZ3,79.75
2022-03-21,HAPV3,11.71
2022-03-21,LREN3,21.85
2022-03-21,MRFG3,21.15
2022-03-22,ARZZ3,83.0
2022-03-22,HAPV3,11.9
2022-03-22,LREN3,22.64
2022-03-22,MRFG3,20.83
2022-03-23,ARZZ3,84.6
2022-03-23,HAPV3,11.98
2022-03-23,LREN3,23.77
2022-03-23,MRFG3,20.61
2022-03-24,ARZZ3,86.72
2022-03-24,HAPV3,11.37
2022-03-24,LREN3,25.14
2022-03-24,MRFG3,20.83
2022-03-25,ARZZ3,89.12
2022-03-25,HAPV3,11.86
2022-03-25,LREN3,25.07
2022-03-25,MRFG3,20.06
2022-03-28,ARZZ3,89.2
2022-03-28,HAPV3,11.69
2022-03-28,LREN3,24.47
2022-03-28,MRFG3,20.86
2022-03-29,ARZZ3,91.1
2022-03-29,HAPV3,12.2
2022-03-29,LREN3,24.99
2022-03-29,MRFG3,21.28
2022-03-30,ARZZ3,89.46
2022-03-30,HAPV3,12.02
2022-03-30,LREN3,24.85
2022-03-30,MRFG3,21.32
2022-03-31,ARZZ3,90.18
2022-03-31,HAPV3,11.84
2022-03-31,LREN3,25.0
2022-03-31,MRFG3,21.28
2022-04-01,ARZZ3,93.72
2022-04-01,HAPV3,12.35
2022-04-01,LREN3,26.42
2022-04-01,MRFG3,21.17
2022-04-04,ARZZ3,94.0
2022-04-04,HAPV3,12.33
2022-04-04,LREN3,26.72
2022-04-04,MRFG3,21.76
2022-04-05,ARZZ3,93.61
2022-04-05,HAPV3,12.05
2022-04-05,LREN3,25.42
2022-04-05,MRFG3,21.54
2022-04-06,ARZZ3,92.8
2022-04-06,HAPV3,11.46
2022-04-06,LREN3,24.59
2022-04-06,MRFG3,21.2
2022-04-07,ARZZ3,94.49
2022-04-07,HAPV3,11.09
2022-04-07,LREN3,24.38
2022-04-07,MRFG3,21.48
2022-04-08,ARZZ3,92.72
2022-04-08,HAPV3,11.01
2022-04-08,LREN3,24.3
2022-04-08,MRFG3,22.3
2022-04-11,ARZZ3,89.06
2022-04-11,HAPV3,10.71
2022-04-11,LREN3,24.32
2022-04-11,MRFG3,21.66
2022-04-12,ARZZ3,90.3
2022-04-12,HAPV3,10.64
2022-04-12,LREN3,23.82
2022-04-12,MRFG3,20.63
2022-04-13,ARZZ3,92.59
2022-04-13,HAPV3,10.42
2022-04-13,LREN3,24.25
2022-04-13,MRFG3,20.2
2022-04-14,ARZZ3,92.53
2022-04-14,HAPV3,10.4
2022-04-14,LREN3,24.31
2022-04-14,MRFG3,19.65
2022-04-18,ARZZ3,92.9
2022-04-18,HAPV3,10.38
2022-04-18,LREN3,24.03
2022-04-18,MRFG3,19.17
2022-04-19,ARZZ3,93.67
2022-04-19,HAPV3,10.6
2022-04-19,LREN3,23.86
2022-04-19,MRFG3,19.25
2022-04-20,ARZZ3,94.45
2022-04-20,HAPV3,10.5
2022-04-20,LREN3,23.62
2022-04-20,MRFG3,19.14
2022-04-22,ARZZ3,91.41
2022-04-22,HAPV3,10.13
2022-04-22,LREN3,22.75
2022-04-22,MRFG3,18.64
2022-04-25,ARZZ3,92.03
2022-04-25,HAPV3,10.16
2022-04-25,LREN3,22.73
2022-04-25,MRFG3,18.43
2022-04-26,ARZZ3,89.87
2022-04-26,HAPV3,9.93
2022-04-26,LREN3,22.24
2022-04-26,MRFG3,18.41
2022-04-27,ARZZ3,90.22
2022-04-27,HAPV3,9.35
2022-04-27,LREN3,22.3
2022-04-27,MRFG3,19.3
2022-04-28,ARZZ3,89.98
2022-04-28,HAPV3,9.18
2022-04-28,LREN3,22.17
2022-04-28,MRFG3,18.86
2022-04-29,ARZZ3,89.47
2022-04-29,HAPV3,8.77
2022-04-29,LREN3,21.59
2022-04-29,MRFG3,18.64
2022-05-02,ARZZ3,87.97
2022-05-02,HAPV3,8.81
2022-05-02,LREN3,21.73
2022-05-02,MRFG3,18.26
2022-05-03,ARZZ3,87.1
2022-05-03,HAPV3,8.84
2022-05-03,LREN3,21.38
2022-05-03,MRFG3,18.07
2022-05-04,ARZZ3,88.46
2022-05-04,HAPV3,8.83
2022-05-04,LREN3,22.05
2022-05-04,MRFG3,16.66
2022-05-05,ARZZ3,85.02
2022-05-05,HAPV3,8.15
2022-05-05,LREN3,20.79
2022-05-05,MRFG3,15.74
2022-05-06,ARZZ3,82.2
2022-05-06,HAPV3,8.29
2022-05-06,LREN3,22.04
2022-05-06,MRFG3,15.95
2022-05-09,ARZZ3,79.61
2022-05-09,HAPV3,8.12
2022-05-09,LREN3,21.72
2022-05-09,MRFG3,15.44
2022-05-10,ARZZ3,80.82
2022-05-10,HAPV3,8.04
2022-05-10,LREN3,22.49
2022-05-10,MRFG3,14.86
2022-05-11,ARZZ3,79.5
2022-05-11,HAPV3,7.56
2022-05-11,LREN3,22.3
2022-05-11,MRFG3,14.84
2022-05-12,ARZZ3,80.36
2022-05-12,HAPV3,7.72
2022-05-12,LREN3,22.98
2022-05-12,MRFG3,14.96
2022-05-13,ARZZ3,82.49
2022-05-13,HAPV3,8.02
2022-05-13,LREN3,23.15
2022-05-13,MRFG3,15.52
2022-05-16,ARZZ3,82.77
2022-05-16,HAPV3,8.02
2022-05-16,LREN3,23.15
2022-05-16,MRFG3,15.58
2022-05-17,ARZZ3,82.77
2022-05-17,HAPV3,6.52
2022-05-17,LREN3,23.66
2022-05-17,MRFG3,15.35
2022-05-18,ARZZ3,81.85
2022-05-18,HAPV3,6.81
2022-05-18,LREN3,23.18
2022-05-18,MRFG3,15.03
2022-05-19,ARZZ3,81.2
2022-05-19,HAPV3,6.53
2022-05-19,LREN3,23.34
2022-05-19,MRFG3,14.75
2022-05-20,ARZZ3,81.36
2022-05-20,HAPV3,6.63
2022-05-20,LREN3,23.32
2022-05-20,MRFG3,14.94
2022-05-23,ARZZ3,79.51
2022-05-23,HAPV3,6.69
2022-05-23,LREN3,23.08
2022-05-23,MRFG3,14.95
2022-05-24,ARZZ3,79.8
2022-05-24,HAPV3,6.72
2022-05-24,LREN3,22.88
2022-05-24,MRFG3,15.2
2022-05-25,ARZZ3,79.46
2022-05-25,HAPV3,6.71
2022-05-25,LREN3,23.24
2022-05-25,MRFG3,14.89
2022-05-26,ARZZ3,81.27
2022-05-26,HAPV3,7.06
2022-05-26,LREN3,23.85
2022-05-26,MRFG3,14.6
2022-05-27,ARZZ3,82.43
2022-05-27,HAPV3,7.15
2022-05-27,LREN3,23.72
2022-05-27,MRFG3,14.49
2022-05-30,ARZZ3,82.36
2022-05-30,HAPV3,6.97
2022-05-30,LREN3,23.52
2022-05-30,MRFG3,14.73
2022-05-31,ARZZ3,80.2
2022-05-31,HAPV3,6.72
2022-05-31,LREN3,24.18
2022-05-31,MRFG3,15.54
2022-06-01,ARZZ3,80.9
2022-06-01,HAPV3,6.64
2022-06-01,LREN3,24.49
2022-06-01,MRFG3,15.59
2022-06-02,ARZZ3,82.12
2022-06-02,HAPV3,6.61
2022-06-02,LREN3,25.48
2022-06-02,MRFG3,16.08
2022-06-03,ARZZ3,80.75
2022-06-03,HAPV3,6.34
2022-06-03,LREN3,25.63
2022-06-03,MRFG3,16.01
2022-06-06,ARZZ3,78.18
2022-06-06,HAPV3,5.95
2022-06-06,LREN3,24.53
2022-06-06,MRFG3,15.82
2022-06-07,ARZZ3,75.55
2022-06-07,HAPV3,5.87
2022-06-07,LREN3,24.25
2022-06-07,MRFG3,15.46
2022-06-08,ARZZ3,76.23
2022-06-08,HAPV3,6.05
2022-06-08,LREN3,23.95
2022-06-08,MRFG3,15.02
2022-06-09,ARZZ3,75.0
2022-06-09,HAPV3,6.23
2022-06-09,LREN3,22.93
2022-06-09,MRFG3,15.09
2022-06-10,ARZZ3,73.44
2022-06-10,HAPV3,6.01
2022-06-10,LREN3,21.89
2022-06-10,MRFG3,15.17
2022-06-13,ARZZ3,71.0
2022-06-13,HAPV3,5.63
2022-06-13,LREN3,21.05
2022-06-13,MRFG3,14.31
2022-06-14,ARZZ3,72.2
2022-06-14,HAPV3,5.7
2022-06-14,LREN3,20.85
2022-06-14,MRFG3,13.64
2022-06-15,ARZZ3,73.25
2022-06-15,HAPV3,5.96
2022-06-15,LREN3,21.73
2022-06-15,MRFG3,13.6
2022-06-17,ARZZ3,70.77
2022-06-17,HAPV3,6.15
2022-06-17,LREN3,21.58
2022-06-17,MRFG3,13.23
2022-06-20,ARZZ3,69.61
2022-06-20,HAPV3,5.85
2022-06-20,LREN3,21.7
2022-06-20,MRFG3,12.74
2022-06-21,ARZZ3,68.61
2022-06-21,HAPV3,5.72
2022-06-21,LREN3,21.01
2022-06-21,MRFG3,12.54
2022-06-22,ARZZ3,69.85
2022-06-22,HAPV3,5.54
2022-06-22,LREN3,21.34
2022-06-22,MRFG3,12.61
2022-06-23,ARZZ3,71.46
2022-06-23,HAPV3,5.49
2022-06-23,LREN3,21.68
2022-06-23,MRFG3,12.99
2022-06-24,ARZZ3,69.55
2022-06-24,HAPV3,5.56
2022-06-24,LREN3,21.05
2022-06-24,MRFG3,12.73
2022-06-27,ARZZ3,69.54
2022-06-27,HAPV3,5.54
2022-06-27,LREN3,21.08
2022-06-27,MRFG3,12.92
2022-06-28,ARZZ3,68.73
2022-06-28,HAPV3,5.22
2022-06-28,LREN3,20.65
2022-06-28,MRFG3,13.06
2022-06-29,ARZZ3,68.61
2022-06-29,HAPV3,5.27
2022-06-29,LREN3,20.27
2022-06-29,MRFG3,12.39
2022-06-30,ARZZ3,69.55
2022-06-30,HAPV3,5.47
2022-06-30,LREN3,20.56
2022-06-30,MRFG3,12.04
2022-07-01,ARZZ3,69.92
2022-07-01,HAPV3,5.62
2022-07-01,LREN3,21.0
2022-07-01,MRFG3,12.51
2022-07-04,ARZZ3,67.8
2022-07-04,HAPV3,6.04
2022-07-04,LREN3,20.94
2022-07-04,MRFG3,12.71
2022-07-05,ARZZ3,68.16
2022-07-05,HAPV3,6.21
2022-07-05,LREN3,20.99
2022-07-05,MRFG3,12.6
2022-07-06,ARZZ3,70.45
2022-07-06,HAPV3,6.31
2022-07-06,LREN3,21.69
2022-07-06,MRFG3,13.28
2022-07-07,ARZZ3,72.21
2022-07-07,HAPV3,6.63
2022-07-07,LREN3,22.5
2022-07-07,MRFG3,13.14
2022-07-08,ARZZ3,72.3
2022-07-08,HAPV3,6.34
2022-07-08,LREN3,22.53
2022-07-08,MRFG3,12.87
2022-07-11,ARZZ3,69.17
2022-07-11,HAPV3,6.31
2022-07-11,LREN3,21.88
2022-07-11,MRFG3,12.53
2022-07-12,ARZZ3,69.6
2022-07-12,HAPV3,6.49
2022-07-12,LREN3,21.98
2022-07-12,MRFG3,12.56
2022-07-13,ARZZ3,71.13
2022-07-13,HAPV3,6.37
2022-07-13,LREN3,22.36
2022-07-13,MRFG3,12.54
2022-07-14,ARZZ3,71.81
2022-07-14,HAPV3,6.13
2022-07-14,LREN3,22.49
2022-07-14,MRFG3,12.6
2022-07-15,ARZZ3,74.4
2022-07-15,HAPV3,5.81
2022-07-15,LREN3,22.79
2022-07-15,MRFG3,12.26
2022-07-18,ARZZ3,75.08
2022-07-18,HAPV3,5.69
2022-07-18,LREN3,22.76
2022-07-18,MRFG3,11.71
2022-07-19,ARZZ3,73.83
2022-07-19,HAPV3,5.75
2022-07-19,LREN3,22.49
2022-07-19,MRFG3,12.68
2022-07-20,ARZZ3,74.22
2022-07-20,HAPV3,6.06
2022-07-20,LREN3,22.84
2022-07-20,MRFG3,13.4
2022-07-21,ARZZ3,74.56
2022-07-21,HAPV3,6.09
2022-07-21,LREN3,22.56
2022-07-21,MRFG3,13.6
2022-07-22,ARZZ3,74.13
2022-07-22,HAPV3,5.95
2022-07-22,LREN3,22.2
2022-07-22,MRFG3,13.31
2022-07-25,ARZZ3,76.21
2022-07-25,HAPV3,5.8
2022-07-25,LREN3,22.45
2022-07-25,MRFG3,13.51
2022-07-26,ARZZ3,74.73
2022-07-26,HAPV3,5.5
2022-07-26,LREN3,21.85
2022-07-26,MRFG3,13.6
2022-07-27,ARZZ3,77.18
2022-07-27,HAPV3,5.86
2022-07-27,LREN3,22.93
2022-07-27,MRFG3,13.8
2022-07-28,ARZZ3,79.67
2022-07-28,HAPV3,6.13
2022-07-28,LREN3,23.61
2022-07-28,MRFG3,13.15
2022-07-29,ARZZ3,79.15
2022-07-29,HAPV3,6.16
2022-07-29,LREN3,22.99
2022-07-29,MRFG3,13.13
2022-08-01,ARZZ3,79.03
2022-08-01,HAPV3,6.12
2022-08-01,LREN3,23.04
2022-08-01,MRFG3,13.11
2022-08-02,ARZZ3,79.64
2022-08-02,HAPV3,6.44
2022-08-02,LREN3,23.25
2022-08-02,MRFG3,13.07
2022-08-03,ARZZ3,84.5
2022-08-03,HAPV3,6.54
2022-08-03,LREN3,24.78
2022-08-03,MRFG3,13.16
2022-08-04,ARZZ3,87.08
2022-08-04,HAPV3,6.6
2022-08-04,LREN3,25.68
2022-08-04,MRFG3,13.23
2022-08-05,ARZZ3,85.57
2022-08-05,HAPV3,6.45
2022-08-05,LREN3,24.97
2022-08-05,MRFG3,13.34
2022-08-08,ARZZ3,84.57
2022-08-08,HAPV3,6.83
2022-08-08,LREN3,25.0
2022-08-08,MRFG3,13.14
2022-08-09,ARZZ3,82.5
2022-08-09,HAPV3,6.48
2022-08-09,LREN3,24.42
2022-08-09,MRFG3,12.63
2022-08-10,ARZZ3,86.4
2022-08-10,HAPV3,6.85
2022-08-10,LREN3,25.43
2022-08-10,MRFG3,12.88
2022-08-11,ARZZ3,83.97
2022-08-11,HAPV3,6.6
2022-08-11,LREN3,24.76
2022-08-11,MRFG3,13.57
2022-08-12,ARZZ3,89.75
2022-08-12,HAPV3,7.72
2022-08-12,LREN3,25.17
2022-08-12,MRFG3,14.22
2022-08-15,ARZZ3,89.41
2022-08-15,HAPV3,7.98
2022-08-15,LREN3,26.03
2022-08-15,MRFG3,14.57
2022-08-16,ARZZ3,87.85
2022-08-16,HAPV3,7.84
2022-08-16,LREN3,25.51
2022-08-16,MRFG3,15.26
2022-08-17,ARZZ3,88.73
2022-08-17,HAPV3,7.61
2022-08-17,LREN3,25.14
2022-08-17,MRFG3,15.46
2022-08-18,ARZZ3,89.36
2022-08-18,HAPV3,7.94
2022-08-18,LREN3,25.14
2022-08-18,MRFG3,15.41
2022-08-19,ARZZ3,88.79
2022-08-19,HAPV3,7.66
2022-08-19,LREN3,24.66
2022-08-19,MRFG3,15.42
2022-08-22,ARZZ3,88.39
2022-08-22,HAPV3,7.31
2022-08-22,LREN3,24.15
2022-08-22,MRFG3,14.55
2022-08-23,ARZZ3,88.77
2022-08-23,HAPV3,7.4
2022-08-23,LREN3,24.55
2022-08-23,MRFG3,14.45
2022-08-24,ARZZ3,90.96
2022-08-24,HAPV3,7.79
2022-08-24,LREN3,24.75
2022-08-24,MRFG3,14.29
2022-08-25,ARZZ3,90.9
2022-08-25,HAPV3,8.07
2022-08-25,LREN3,25.09
2022-08-25,MRFG3,14.23
2022-08-26,ARZZ3,90.5
2022-08-26,HAPV3,8.06
2022-08-26,LREN3,25.27
2022-08-26,MRFG3,14.13
2022-08-29,ARZZ3,91.8
2022-08-29,HAPV3,7.67
2022-08-29,LREN3,25.03
2022-08-29,MRFG3,13.94
2022-08-30,ARZZ3,92.18
2022-08-30,HAPV3,7.55
2022-08-30,LREN3,24.9
2022-08-30,MRFG3,13.41
2022-08-31,ARZZ3,92.4
2022-08-31,HAPV3,7.28
2022-08-31,LREN3,24.06
2022-08-31,MRFG3,13.08
2022-09-01,ARZZ3,93.9
2022-09-01,HAPV3,7.51
2022-09-01,LREN3,24.15
2022-09-01,MRFG3,13.01
2022-09-02,ARZZ3,92.87
2022-09-02,HAPV3,7.86
2022-09-02,LREN3,24.27
2022-09-02,MRFG3,13.21
2022-09-05,ARZZ3,93.31
2022-09-05,HAPV3,7.84
2022-09-05,LREN3,24.52
2022-09-05,MRFG3,12.9
2022-09-06,ARZZ3,91.66
2022-09-06,HAPV3,7.81
2022-09-06,LREN3,23.66
2022-09-06,MRFG3,12.6
2022-09-08,ARZZ3,92.25
2022-09-08,HAPV3,7.95
2022-09-08,LREN3,23.65
2022-09-08,MRFG3,11.86
2022-09-09,ARZZ3,93.15
2022-09-09,HAPV3,8.13
2022-09-09,LREN3,24.41
2022-09-09,MRFG3,11.83
2022-09-12,ARZZ3,94.69
2022-09-12,HAPV3,8.36
2022-09-12,LREN3,24.92
2022-09-12,MRFG3,12.17
2022-09-13,ARZZ3,94.0
2022-09-13,HAPV3,7.79
2022-09-13,LREN3,24.75
2022-09-13,MRFG3,11.76
2022-09-14,ARZZ3,94.7
2022-09-14,HAPV3,7.83
2022-09-14,LREN3,24.89
2022-09-14,MRFG3,11.63
2022-09-15,ARZZ3,94.56
2022-09-15,HAPV3,7.68
2022-09-15,LREN3,24.36
2022-09-15,MRFG3,11.93
2022-09-16,ARZZ3,94.75
2022-09-16,HAPV3,7.45
2022-09-16,LREN3,23.98
2022-09-16,MRFG3,12.23
2022-09-19,ARZZ3,97.42
2022-09-19,HAPV3,7.78
2022-09-19,LREN3,24.29
2022-09-19,MRFG3,12.1
2022-09-20,ARZZ3,98.0
2022-09-20,HAPV3,7.89
2022-09-20,LREN3,24.38
2022-09-20,MRFG3,11.88
2022-09-21,ARZZ3,99.2
2022-09-21,HAPV3,8.11
2022-09-21,LREN3,25.11
2022-09-21,MRFG3,11.51
2022-09-22,ARZZ3,100.85
2022-09-22,HAPV3,8.32
2022-09-22,LREN3,25.86
2022-09-22,MRFG3,11.4
2022-09-23,ARZZ3,99.78
2022-09-23,HAPV3,8.2
2022-09-23,LREN3,25.97
2022-09-23,MRFG3,11.19
2022-09-26,ARZZ3,96.77
2022-09-26,HAPV3,7.9
2022-09-26,LREN3,25.25
2022-09-26,MRFG3,10.78
2022-09-27,ARZZ3,96.5
2022-09-27,HAPV3,7.94
2022-09-27,LREN3,25.42
2022-09-27,MRFG3,10.51
2022-09-28,ARZZ3,96.75
2022-09-28,HAPV3,7.75
2022-09-28,LREN3,25.12
2022-09-28,MRFG3,10.19
2022-09-29,ARZZ3,96.45
2022-09-29,HAPV3,7.48
2022-09-29,LREN3,24.49
2022-09-29,MRFG3,9.89
2022-09-30,ARZZ3,98.41
2022-09-30,HAPV3,7.57
2022-09-30,LREN3,25.32
2022-09-30,MRFG3,9.81
2022-10-03,ARZZ3,102.59
2022-10-03,HAPV3,8.04
2022-10-03,LREN3,27.38
2022-10-03,MRFG3,9.99
2022-10-04,ARZZ3,101.0
2022-10-04,HAPV3,8.27
2022-10-04,LREN3,27.25
2022-10-04,MRFG3,9.99
2022-10-05,ARZZ3,101.53
2022-10-05,HAPV3,8.14
2022-10-05,LREN3,27.8
2022-10-05,MRFG3,9.97
2022-10-06,ARZZ3,102.0
2022-10-06,HAPV3,8.1
2022-10-06,LREN3,28.43
2022-10-06,MRFG3,10.36
2022-10-07,ARZZ3,101.9
2022-10-07,HAPV3,7.72
2022-10-07,LREN3,28.07
2022-10-07,MRFG3,10.41
2022-10-10,ARZZ3,101.05
2022-10-10,HAPV3,7.79
2022-10-10,LREN3,27.94
2022-10-10,MRFG3,10.55
2022-10-11,ARZZ3,99.85
2022-10-11,HAPV3,7.47
2022-10-11,LREN3,27.23
2022-10-11,MRFG3,10.31
2022-10-13,ARZZ3,99.22
2022-10-13,HAPV3,7.46
2022-10-13,LREN3,26.53
2022-10-13,MRFG3,10.5
2022-10-14,ARZZ3,98.85
2022-10-14,HAPV3,7.06
2022-10-14,LREN3,25.95
2022-10-14,MRFG3,10.17
2022-10-17,ARZZ3,99.25
2022-10-17,HAPV3,7.21
2022-10-17,LREN3,26.45
2022-10-17,MRFG3,10.56
2022-10-18,ARZZ3,100.62
2022-10-18,HAPV3,7.59
2022-10-18,LREN3,26.79
2022-10-18,MRFG3,11.09
2022-10-19,ARZZ3,100.0
2022-10-19,HAPV3,7.36
2022-10-19,LREN3,26.68
2022-10-19,MRFG3,11.1
2022-10-20,ARZZ3,99.37
2022-10-20,HAPV3,7.41
2022-10-20,LREN3,26.08
2022-10-20,MRFG3,10.97
2022-10-21,ARZZ3,100.15
2022-10-21,HAPV3,7.45
2022-10-21,LREN3,26.42
2022-10-21,MRFG3,11.28
2022-10-24,ARZZ3,100.8
2022-10-24,HAPV3,7.21
2022-10-24,LREN3,25.99
2022-10-24,MRFG3,11.13
2022-10-25,ARZZ3,99.81
2022-10-25,HAPV3,7.0
2022-10-25,LREN3,25.49
2022-10-25,MRFG3,11.18
2022-10-26,ARZZ3,93.95
2022-10-26,HAPV3,6.75
2022-10-26,LREN3,24.83
2022-10-26,MRFG3,10.71
2022-10-27,ARZZ3,96.29
2022-10-27,HAPV3,7.03
2022-10-27,LREN3,25.73
2022-10-27,MRFG3,10.72
2022-10-28,ARZZ3,98.64
2022-10-28,HAPV3,7.19
2022-10-28,LREN3,26.25
2022-10-28,MRFG3,10.95
2022-10-31,ARZZ3,104.5
2022-10-31,HAPV3,7.8
2022-10-31,LREN3,28.09
2022-10-31,MRFG3,10.64
2022-11-01,ARZZ3,102.95
2022-11-01,HAPV3,7.83
2022-11-01,LREN3,27.7
2022-11-01,MRFG3,10.86
2022-11-03,ARZZ3,103.52
2022-11-03,HAPV3,7.85
2022-11-03,LREN3,27.7
2022-11-03,MRFG3,11.24
2022-11-04,ARZZ3,101.8
2022-11-04,HAPV3,7.91
2022-11-04,LREN3,26.53
2022-11-04,MRFG3,11.46
2022-11-07,ARZZ3,98.16
2022-11-07,HAPV3,7.59
2022-11-07,LREN3,25.7
2022-11-07,MRFG3,11.35
2022-11-08,ARZZ3,97.73
2022-11-08,HAPV3,7.58
2022-11-08,LREN3,25.29
2022-11-08,MRFG3,11.36
2022-11-09,ARZZ3,93.57
2022-11-09,HAPV3,7.39
2022-11-09,LREN3,24.94
2022-11-09,MRFG3,11.37
2022-11-10,ARZZ3,86.76
2022-11-10,HAPV3,6.38
2022-11-10,LREN3,22.85
2022-11-10,MRFG3,10.77
2022-11-11,ARZZ3,86.86
2022-11-11,HAPV3,6.29
2022-11-11,LREN3,22.29
2022-11-11,MRFG3,11.69
2022-11-14,ARZZ3,88.28
2022-11-14,HAPV3,6.4
2022-11-14,LREN3,22.9
2022-11-14,MRFG3,10.83
2022-11-16,ARZZ3,86.09
2022-11-16,HAPV3,5.7
2022-11-16,LREN3,21.91
2022-11-16,MRFG3,10.09
2022-11-17,ARZZ3,87.04
2022-11-17,HAPV3,5.5
2022-11-17,LREN3,22.05
2022-11-17,MRFG3,10.07
2022-11-18,ARZZ3,88.4
2022-11-18,HAPV3,5.68
2022-11-18,LREN3,22.04
2022-11-18,MRFG3,9.84
2022-11-21,ARZZ3,93.44
2022-11-21,HAPV3,5.6
2022-11-21,LREN3,22.83
2022-11-21,MRFG3,9.74
2022-11-22,ARZZ3,88.89
2022-11-22,HAPV3,5.4
2022-11-22,LREN3,22.45
2022-11-22,MRFG3,9.43
2022-11-23,ARZZ3,85.77
2022-11-23,HAPV3,5.33
2022-11-23,LREN3,22.02
2022-11-23,MRFG3,9.72
2022-11-24,ARZZ3,90.7
2022-11-24,HAPV3,5.59
2022-11-24,LREN3,23.25
2022-11-24,MRFG3,9.78
2022-11-25,ARZZ3,86.86
2022-11-25,HAPV3,5.3
2022-11-25,LREN3,21.79
2022-11-25,MRFG3,9.57
2022-11-28,ARZZ3,85.94
2022-11-28,HAPV3,5.14
2022-11-28,LREN3,20.83
2022-11-28,MRFG3,9.0
2022-11-29,ARZZ3,87.8
2022-11-29,HAPV3,5.19
2022-11-29,LREN3,20.87
2022-11-29,MRFG3,9.01
2022-11-30,ARZZ3,89.57
2022-11-30,HAPV3,5.2
2022-11-30,LREN3,21.05
2022-11-30,MRFG3,8.7
2022-12-01,ARZZ3,85.42
2022-12-01,HAPV3,4.91
2022-12-01,LREN3,20.38
2022-12-01,MRFG3,8.09
2022-12-02,ARZZ3,87.28
2022-12-02,HAPV3,5.23
2022-12-02,LREN3,20.28
2022-12-02,MRFG3,8.04
2022-12-05,ARZZ3,84.34
2022-12-05,HAPV3,4.99
2022-12-05,LREN3,18.7
2022-12-05,MRFG3,7.76
2022-12-06,ARZZ3,83.5
2022-12-06,HAPV3,5.03
2022-12-06,LREN3,19.65
2022-12-06,MRFG3,7.89
2022-12-07,ARZZ3,83.89
2022-12-07,HAPV3,5.12
2022-12-07,LREN3,20.04
2022-12-07,MRFG3,8.0
2022-12-08,ARZZ3,82.14
2022-12-08,HAPV3,4.98
2022-12-08,LREN3,19.21
2022-12-08,MRFG3,7.58
2022-12-09,ARZZ3,79.55
2022-12-09,HAPV3,4.73
2022-12-09,LREN3,18.85
2022-12-09,MRFG3,7.52
2022-12-12,ARZZ3,77.79
2022-12-12,HAPV3,4.52
2022-12-12,LREN3,18.61
2022-12-12,MRFG3,7.64
2022-12-13,ARZZ3,75.65
2022-12-13,HAPV3,4.39
2022-12-13,LREN3,18.11
2022-12-13,MRFG3,7.27
2022-12-14,ARZZ3,74.5
2022-12-14,HAPV3,4.54
2022-12-14,LREN3,18.59
2022-12-14,MRFG3,7.12
2022-12-15,ARZZ3,75.27
2022-12-15,HAPV3,4.63
2022-12-15,LREN3,18.13
2022-12-15,MRFG3,7.6
2022-12-16,ARZZ3,73.95
2022-12-16,HAPV3,4.59
2022-12-16,LREN3,17.67
2022-12-16,MRFG3,7.7
2022-12-19,ARZZ3,77.13
2022-12-19,HAPV3,4.59
2022-12-19,LREN3,18.53
2022-12-19,MRFG3,7.82
2022-12-20,ARZZ3,80.2
2022-12-20,HAPV3,4.9
2022-12-20,LREN3,19.31
2022-12-20,MRFG3,6.8
2022-12-21,ARZZ3,78.46
2022-12-21,HAPV3,5.12
2022-12-21,LREN3,18.97
2022-12-21,MRFG3,6.93
2022-12-22,ARZZ3,76.97
2022-12-22,HAPV3,5.09
2022-12-22,LREN3,18.77
2022-12-22,MRFG3,7.4
2022-12-23,ARZZ3,80.85
2022-12-23,HAPV3,5.28
2022-12-23,LREN3,19.89
2022-12-23,MRFG3,7.87
2022-12-26,ARZZ3,78.56
2022-12-26,HAPV3,5.18
2022-12-26,LREN3,18.83
2022-12-26,MRFG3,7.89
2022-12-27,ARZZ3,76.57
2022-12-27,HAPV3,5.01
2022-12-27,LREN3,18.53
2022-12-27,MRFG3,7.9
2022-12-28,ARZZ3,78.68
2022-12-28,HAPV3,5.22
2022-12-28,LREN3,18.95
2022-12-28,MRFG3,8.3
2022-12-29,ARZZ3,78.25
2022-12-29,HAPV3,5.08
2022-12-29,LREN3,18.62
2022-12-29,MRFG3,8.65
2023-01-02,ARZZ3,74.12
2023-01-02,HAPV3,4.64
2023-01-02,LREN3,17.57
2023-01-02,MRFG3,8.31
2023-01-03,ARZZ3,71.81
2023-01-03,HAPV3,4.51
2023-01-03,LREN3,17.15
2023-01-03,MRFG3,8.14
2023-01-04,ARZZ3,73.46
2023-01-04,HAPV3,4.58
2023-01-04,LREN3,17.26
2023-01-04,MRFG3,8.3
2023-01-05,ARZZ3,74.34
2023-01-05,HAPV3,4.77
2023-01-05,LREN3,17.0
2023-01-05,MRFG3,8.42
2023-01-06,ARZZ3,75.8
2023-01-06,HAPV3,4.72
2023-01-06,LREN3,17.63
2023-01-06,MRFG3,8.4
2023-01-09,ARZZ3,75.03
2023-01-09,HAPV3,4.2
2023-01-09,LREN3,17.67
2023-01-09,MRFG3,8.29
2023-01-10,ARZZ3,77.07
2023-01-10,HAPV3,4.31
2023-01-10,LREN3,18.2
2023-01-10,MRFG3,8.53
2023-01-11,ARZZ3,79.0
2023-01-11,HAPV3,4.6
2023-01-11,LREN3,18.93
2023-01-11,MRFG3,8.59
2023-01-12,ARZZ3,79.6
2023-01-12,HAPV3,4.35
2023-01-12,LREN3,19.31
2023-01-12,MRFG3,8.59
2023-01-13,ARZZ3,78.75
2023-01-13,HAPV3,4.25
2023-01-13,LREN3,18.31
2023-01-13,MRFG3,8.32
2023-01-16,ARZZ3,77.43
2023-01-16,HAPV3,4.12
2023-01-16,LREN3,17.94
2023-01-16,MRFG3,8.01
2023-01-17,ARZZ3,80.0
2023-01-17,HAPV3,4.15
2023-01-17,LREN3,18.13
2023-01-17,MRFG3,8.25
2023-01-18,ARZZ3,80.35
2023-01-18,HAPV3,4.21
2023-01-18,LREN3,18.77
2023-01-18,MRFG3,8.18
2023-01-19,ARZZ3,81.81
2023-01-19,HAPV3,4.37
2023-01-19,LREN3,18.91
2023-01-19,MRFG3,8.22
2023-01-20,ARZZ3,81.41
2023-01-20,HAPV3,4.38
2023-01-20,LREN3,18.68
2023-01-20,MRFG3,8.14
2023-01-23,ARZZ3,82.01
2023-01-23,HAPV3,4.23
2023-01-23,LREN3,18.54
2023-01-23,MRFG3,8.37
2023-01-24,ARZZ3,82.87
2023-01-24,HAPV3,4.48
2023-01-24,LREN3,19.35
2023-01-24,MRFG3,8.35
2023-01-25,ARZZ3,84.37
2023-01-25,HAPV3,4.58
2023-01-25,LREN3,19.75
2023-01-25,MRFG3,8.33
2023-01-26,ARZZ3,83.64
2023-01-26,HAPV3,4.44
2023-01-26,LREN3,19.85
2023-01-26,MRFG3,8.25
2023-01-27,ARZZ3,82.84
2023-01-27,HAPV3,4.6
2023-01-27,LREN3,19.33
2023-01-27,MRFG3,7.98
2023-01-30,ARZZ3,88.11
2023-01-30,HAPV3,4.7
2023-01-30,LREN3,19.26
2023-01-30,MRFG3,7.75
2023-01-31,ARZZ3,87.6
2023-01-31,HAPV3,5.15
2023-01-31,LREN3,19.66
2023-01-31,MRFG3,7.66
2023-02-01,ARZZ3,88.24
2023-02-01,HAPV3,5.05
2023-02-01,LREN3,19.69
2023-02-01,MRFG3,8.06
2023-02-02,ARZZ3,88.65
2023-02-02,HAPV3,5.11
2023-02-02,LREN3,19.8
2023-02-02,MRFG3,7.74
2023-02-03,ARZZ3,86.53
2023-02-03,HAPV3,4.63
2023-02-03,LREN3,18.42
2023-02-03,MRFG3,7.66
2023-02-06,ARZZ3,85.41
2023-02-06,HAPV3,4.6
2023-02-06,LREN3,18.36
2023-02-06,MRFG3,7.14
2023-02-07,ARZZ3,83.5
2023-02-07,HAPV3,4.65
2023-02-07,LREN3,17.97
2023-02-07,MRFG3,6.77
2023-02-08,ARZZ3,84.41
2023-02-08,HAPV3,4.48
2023-02-08,LREN3,18.27
2023-02-08,MRFG3,6.97
2023-02-09,ARZZ3,81.11
2023-02-09,HAPV3,4.49
2023-02-09,LREN3,17.5
2023-02-09,MRFG3,6.68
2023-02-10,ARZZ3,77.42
2023-02-10,HAPV3,4.54
2023-02-10,LREN3,17.53
2023-02-10,MRFG3,6.58
2023-02-13,ARZZ3,80.1
2023-02-13,HAPV3,4.58
2023-02-13,LREN3,17.58
2023-02-13,MRFG3,6.66
2023-02-14,ARZZ3,77.52
2023-02-14,HAPV3,4.58
2023-02-14,LREN3,17.02
2023-02-14,MRFG3,6.54
2023-02-15,ARZZ3,78.29
2023-02-15,HAPV3,4.93
2023-02-15,LREN3,17.48
2023-02-15,MRFG3,6.8
2023-02-16,ARZZ3,78.73
2023-02-16,HAPV3,5.13
2023-02-16,LREN3,17.62
2023-02-16,MRFG3,6.72
2023-02-17,ARZZ3,79.35
2023-02-17,HAPV3,5.09
2023-02-17,LREN3,17.84
2023-02-17,MRFG3,6.54
2023-02-22,ARZZ3,76.6
2023-02-22,HAPV3,4.94
2023-02-22,LREN3,16.99
2023-02-22,MRFG3,6.23
2023-02-23,ARZZ3,76.7
2023-02-23,HAPV3,4.83
2023-02-23,LREN3,17.44
2023-02-23,MRFG3,6.25
2023-02-24,ARZZ3,74.64
2023-02-24,HAPV3,4.75
2023-02-24,LREN3,17.28
2023-02-24,MRFG3,6.26
2023-02-27,ARZZ3,75.0
2023-02-27,HAPV3,4.55
2023-02-27,LREN3,17.45
2023-02-27,MRFG3,6.41
2023-02-28,ARZZ3,74.6
2023-02-28,HAPV3,4.49
2023-02-28,LREN3,16.95
2023-02-28,MRFG3,6.33
2023-03-01,ARZZ3,73.92
2023-03-01,HAPV3,3.02
2023-03-01,LREN3,16.27
2023-03-01,MRFG3,6.53
2023-03-02,ARZZ3,72.73
2023-03-02,HAPV3,2.92
2023-03-02,LREN3,16.45
2023-03-02,MRFG3,6.61
2023-03-03,ARZZ3,74.22
2023-03-03,HAPV3,2.68
2023-03-03,LREN3,16.14
2023-03-03,MRFG3,6.73
2023-03-06,ARZZ3,74.6
2023-03-06,HAPV3,2.72
2023-03-06,LREN3,16.49
2023-03-06,MRFG3,6.88
2023-03-07,ARZZ3,75.14
2023-03-07,HAPV3,2.68
2023-03-07,LREN3,16.58
2023-03-07,MRFG3,6.91
2023-03-08,ARZZ3,77.62
2023-03-08,HAPV3,2.92
2023-03-08,LREN3,17.82
2023-03-08,MRFG3,6.95
2023-03-09,ARZZ3,77.7
2023-03-09,HAPV3,1.94
2023-03-09,LREN3,17.57
2023-03-09,MRFG3,6.99
2023-03-10,ARZZ3,68.7
2023-03-10,HAPV3,2.47
2023-03-10,LREN3,17.21
2023-03-10,MRFG3,6.79
2023-03-13,ARZZ3,68.57
2023-03-13,HAPV3,2.5
2023-03-13,LREN3,17.47
2023-03-13,MRFG3,6.79
2023-03-14,ARZZ3,66.98
2023-03-14,HAPV3,2.48
2023-03-14,LREN3,16.79
2023-03-14,MRFG3,6.74
2023-03-15,ARZZ3,67.9
2023-03-15,HAPV3,2.52
2023-03-15,LREN3,16.85
2023-03-15,MRFG3,6.83
2023-03-16,ARZZ3,68.92
2023-03-16,HAPV3,2.64
2023-03-16,LREN3,17.0
2023-03-16,MRFG3,7.06
2023-03-17,ARZZ3,66.78
2023-03-17,HAPV3,2.37
2023-03-17,LREN3,16.43
2023-03-17,MRFG3,7.29
2023-03-20,ARZZ3,63.96
2023-03-20,HAPV3,2.18
2023-03-20,LREN3,15.87
2023-03-20,MRFG3,7.1
2023-03-21,ARZZ3,64.21
2023-03-21,HAPV3,2.22
2023-03-21,LREN3,16.0
2023-03-21,MRFG3,6.99
2023-03-22,ARZZ3,62.5
2023-03-22,HAPV3,2.21
2023-03-22,LREN3,15.7
2023-03-22,MRFG3,6.69
2023-03-23,ARZZ3,61.21
2023-03-23,HAPV3,2.07
2023-03-23,LREN3,15.29
2023-03-23,MRFG3,6.33
2023-03-24,ARZZ3,62.15
2023-03-24,HAPV3,2.25
2023-03-24,LREN3,15.45
2023-03-24,MRFG3,6.56
2023-03-27,ARZZ3,62.36
2023-03-27,HAPV3,2.22
2023-03-27,LREN3,15.71
2023-03-27,MRFG3,6.56
2023-03-28,ARZZ3,64.4
2023-03-28,HAPV3,2.63
2023-03-28,LREN3,16.25
2023-03-28,MRFG3,6.6
2023-03-29,ARZZ3,64.29
2023-03-29,HAPV3,2.76
2023-03-29,LREN3,15.45
2023-03-29,MRFG3,6.58
2023-03-30,ARZZ3,65.94
2023-03-30,HAPV3,2.8
2023-03-30,LREN3,16.04
2023-03-30,MRFG3,6.74
2023-03-31,ARZZ3,63.51
2023-03-31,HAPV3,2.62
2023-03-31,LREN3,15.06
2023-03-31,MRFG3,6.6
2023-04-03,ARZZ3,62.05
2023-04-03,HAPV3,2.45
2023-04-03,LREN3,14.01
2023-04-03,MRFG3,6.26
2023-04-04,ARZZ3,62.86
2023-04-04,HAPV3,2.48
2023-04-04,LREN3,13.99
2023-04-04,MRFG3,6.33
2023-04-05,ARZZ3,59.66
2023-04-05,HAPV3,2.36
2023-04-05,LREN3,13.61
2023-04-05,MRFG3,6.23
2023-04-06,ARZZ3,62.47
2023-04-06,HAPV3,2.37
2023-04-06,LREN3,14.28
2023-04-06,MRFG3,6.26
2023-04-10,ARZZ3,63.59
2023-04-10,HAPV3,2.35
2023-04-10,LREN3,14.05
2023-04-10,MRFG3,6.37
2023-04-11,ARZZ3,69.0
2023-04-11,HAPV3,2.65
2023-04-11,LREN3,15.36
2023-04-11,MRFG3,6.71
2023-04-12,ARZZ3,68.91
2023-04-12,HAPV3,2.68
2023-04-12,LREN3,15.63
2023-04-12,MRFG3,6.77
2023-04-13,ARZZ3,68.87
2023-04-13,HAPV3,2.64
2023-04-13,LREN3,15.32
2023-04-13,MRFG3,6.29
2023-04-14,ARZZ3,67.86
2023-04-14,HAPV3,2.6
2023-04-14,LREN3,14.82
2023-04-14,MRFG3,6.11
2023-04-17,ARZZ3,67.78
2023-04-17,HAPV3,2.54
2023-04-17,LREN3,15.22
2023-04-17,MRFG3,6.19
2023-04-18,ARZZ3,67.17
2023-04-18,HAPV3,2.4
2023-04-18,LREN3,14.59
2023-04-18,MRFG3,6.32
2023-04-19,ARZZ3,64.23
2023-04-19,HAPV3,2.36
2023-04-19,LREN3,13.79
2023-04-19,MRFG3,6.18
2023-04-20,ARZZ3,66.09
2023-04-20,HAPV3,2.59
2023-04-20,LREN3,13.8
2023-04-20,MRFG3,6.31
2023-04-24,ARZZ3,64.67
2023-04-24,HAPV3,2.61
2023-04-24,LREN3,13.73
2023-04-24,MRFG3,6.29
2023-04-25,ARZZ3,62.4
2023-04-25,HAPV3,2.56
2023-04-25,LREN3,13.43
2023-04-25,MRFG3,6.29
2023-04-26,ARZZ3,62.63
2023-04-26,HAPV3,2.49
2023-04-26,LREN3,13.62
2023-04-26,MRFG3,6.14
2023-04-27,ARZZ3,63.53
2023-04-27,HAPV3,2.56
2023-04-27,LREN3,13.65
2023-04-27,MRFG3,6.26
2023-04-28,ARZZ3,66.38
2023-04-28,HAPV3,2.76
2023-04-28,LREN3,14.4
2023-04-28,MRFG3,6.47
2023-05-02,ARZZ3,63.93
2023-05-02,HAPV3,2.79
2023-05-02,LREN3,13.56
2023-05-02,MRFG3,6.34
2023-05-03,ARZZ3,60.4
2023-05-03,HAPV3,2.77
2023-05-03,LREN3,13.25
2023-05-03,MRFG3,6.51
2023-05-04,ARZZ3,59.5
2023-05-04,HAPV3,2.84
2023-05-04,LREN3,14.05
2023-05-04,MRFG3,6.63
2023-05-05,ARZZ3,63.29
2023-05-05,HAPV3,2.93
2023-05-05,LREN3,15.36
2023-05-05,MRFG3,6.69
2023-05-08,ARZZ3,62.56
2023-05-08,HAPV3,2.92
2023-05-08,LREN3,15.27
2023-05-08,MRFG3,6.65
2023-05-09,ARZZ3,64.51
2023-05-09,HAPV3,2.88
2023-05-09,LREN3,15.91
2023-05-09,MRFG3,6.64
2023-05-10,ARZZ3,65.47
2023-05-10,HAPV3,3.02
2023-05-10,LREN3,15.91
2023-05-10,MRFG3,6.66
2023-05-11,ARZZ3,67.37
2023-05-11,HAPV3,3.07
2023-05-11,LREN3,15.38
2023-05-11,MRFG3,6.68
2023-05-12,ARZZ3,67.78
2023-05-12,HAPV3,3.12
2023-05-12,LREN3,15.29
2023-05-12,MRFG3,6.52
2023-05-15,ARZZ3,69.69
2023-05-15,HAPV3,3.15
2023-05-15,LREN3,15.76
2023-05-15,MRFG3,6.57
2023-05-16,ARZZ3,68.58
2023-05-16,HAPV3,3.41
2023-05-16,LREN3,15.44
2023-05-16,MRFG3,6.18
2023-05-17,ARZZ3,71.59
2023-05-17,HAPV3,3.48
2023-05-17,LREN3,16.93
2023-05-17,MRFG3,6.25
2023-05-18,ARZZ3,72.48
2023-05-18,HAPV3,3.67
2023-05-18,LREN3,17.14
2023-05-18,MRFG3,6.52
2023-05-19,ARZZ3,71.17
2023-05-19,HAPV3,3.61
2023-05-19,LREN3,17.65
2023-05-19,MRFG3,6.87
2023-05-22,ARZZ3,70.86
2023-05-22,HAPV3,3.7
2023-05-22,LREN3,17.21
2023-05-22,MRFG3,6.91
2023-05-23,ARZZ3,69.36
2023-05-23,HAPV3,3.65
2023-05-23,LREN3,16.93
2023-05-23,MRFG3,6.55
2023-05-24,ARZZ3,69.74
2023-05-24,HAPV3,3.55
2023-05-24,LREN3,16.72
2023-05-24,MRFG3,6.39
2023-05-25,ARZZ3,72.13
2023-05-25,HAPV3,3.94
2023-05-25,LREN3,17.73
2023-05-25,MRFG3,6.39
2023-05-26,ARZZ3,74.94
2023-05-26,HAPV3,3.9
2023-05-26,LREN3,18.22
2023-05-26,MRFG3,6.38
2023-05-29,ARZZ3,74.37
2023-05-29,HAPV3,3.9
2023-05-29,LREN3,17.9
2023-05-29,MRFG3,6.35
2023-05-30,ARZZ3,73.8
2023-05-30,HAPV3,4.06
2023-05-30,LREN3,17.56
2023-05-30,MRFG3,6.21
2023-05-31,ARZZ3,73.77
2023-05-31,HAPV3,3.99
2023-05-31,LREN3,17.68
2023-05-31,MRFG3,6.6
2023-06-01,ARZZ3,75.98
2023-06-01,HAPV3,4.1
2023-06-01,LREN3,18.69
2023-06-01,MRFG3,6.61
2023-06-02,ARZZ3,75.65
2023-06-02,HAPV3,4.12
2023-06-02,LREN3,18.61
2023-06-02,MRFG3,6.65
2023-06-05,ARZZ3,76.0
2023-06-05,HAPV3,4.16
2023-06-05,LREN3,18.65
2023-06-05,MRFG3,6.75
2023-06-06,ARZZ3,77.59
2023-06-06,HAPV3,4.35
2023-06-06,LREN3,19.2
2023-06-06,MRFG3,7.04
2023-06-07,ARZZ3,78.56
2023-06-07,HAPV3,4.24
2023-06-07,LREN3,19.68
2023-06-07,MRFG3,6.96
2023-06-09,ARZZ3,79.11
2023-06-09,HAPV3,4.24
2023-06-09,LREN3,19.85
2023-06-09,MRFG3,7.1
2023-06-12,ARZZ3,79.08
2023-06-12,HAPV3,4.12
2023-06-12,LREN3,20.75
2023-06-12,MRFG3,7.22
2023-06-13,ARZZ3,75.57
2023-06-13,HAPV3,3.97
2023-06-13,LREN3,19.55
2023-06-13,MRFG3,7.31
2023-06-14,ARZZ3,76.3
2023-06-14,HAPV3,4.3
2023-06-14,LREN3,19.54
2023-06-14,MRFG3,7.35
2023-06-15,ARZZ3,76.17
2023-06-15,HAPV3,4.46
2023-06-15,LREN3,19.15
2023-06-15,MRFG3,7.5
2023-06-16,ARZZ3,75.0
2023-06-16,HAPV3,4.35
2023-06-16,LREN3,18.48
2023-06-16,MRFG3,7.19
2023-06-19,ARZZ3,75.11
2023-06-19,HAPV3,4.28
2023-06-19,LREN3,18.89
2023-06-19,MRFG3,7.44
2023-06-20,ARZZ3,77.14
2023-06-20,HAPV3,4.2
2023-06-20,LREN3,19.62
2023-06-20,MRFG3,7.7
2023-06-21,ARZZ3,79.86
2023-06-21,HAPV3,4.19
2023-06-21,LREN3,19.78
2023-06-21,MRFG3,7.6
2023-06-22,ARZZ3,78.2
2023-06-22,HAPV3,4.23
2023-06-22,LREN3,19.45
2023-06-22,MRFG3,7.52
2023-06-23,ARZZ3,79.65
2023-06-23,HAPV3,4.33
2023-06-23,LREN3,20.28
2023-06-23,MRFG3,7.41
2023-06-26,ARZZ3,77.25
2023-06-26,HAPV3,4.11
2023-06-26,LREN3,19.67
2023-06-26,MRFG3,7.2
2023-06-27,ARZZ3,75.5
2023-06-27,HAPV3,4.08
2023-06-27,LREN3,19.17
2023-06-27,MRFG3,7.15
2023-06-28,ARZZ3,75.47
2023-06-28,HAPV3,4.14
2023-06-28,LREN3,19.03
2023-06-28,MRFG3,6.92
2023-06-29,ARZZ3,77.86
2023-06-29,HAPV3,4.2
2023-06-29,LREN3,19.45
2023-06-29,MRFG3,7.1
2023-06-30,ARZZ3,79.07
2023-06-30,HAPV3,4.38
2023-06-30,LREN3,18.18
2023-06-30,MRFG3,7.23
2023-07-03,ARZZ3,80.93
2023-07-03,HAPV3,4.42
2023-07-03,LREN3,18.45
2023-07-03,MRFG3,7.16
2023-07-04,ARZZ3,81.3
2023-07-04,HAPV3,4.32
2023-07-04,LREN3,18.44
2023-07-04,MRFG3,7.08
2023-07-05,ARZZ3,85.0
2023-07-05,HAPV3,4.38
2023-07-05,LREN3,18.59
2023-07-05,MRFG3,7.43
2023-07-06,ARZZ3,83.65
2023-07-06,HAPV3,4.31
2023-07-06,LREN3,18.0
2023-07-06,MRFG3,7.25
2023-07-07,ARZZ3,83.55
2023-07-07,HAPV3,4.37
2023-07-07,LREN3,18.56
2023-07-07,MRFG3,7.45
2023-07-10,ARZZ3,81.85
2023-07-10,HAPV3,4.32
2023-07-10,LREN3,17.36
2023-07-10,MRFG3,7.48
2023-07-11,ARZZ3,80.75
2023-07-11,HAPV3,4.45
2023-07-11,LREN3,17.15
2023-07-11,MRFG3,7.36
2023-07-12,ARZZ3,81.2
2023-07-12,HAPV3,4.34
2023-07-12,LREN3,16.88
2023-07-12,MRFG3,7.51
2023-07-13,ARZZ3,80.25
2023-07-13,HAPV3,4.3
2023-07-13,LREN3,16.77
2023-07-13,MRFG3,7.49
2023-07-14,ARZZ3,77.88
2023-07-14,HAPV3,4.13
2023-07-14,LREN3,16.21
2023-07-14,MRFG3,7.36
2023-07-17,ARZZ3,78.25
2023-07-17,HAPV3,4.18
2023-07-17,LREN3,16.33
2023-07-17,MRFG3,7.31
2023-07-18,ARZZ3,79.01
2023-07-18,HAPV3,4.18
2023-07-18,LREN3,16.41
2023-07-18,MRFG3,7.18
2023-07-19,ARZZ3,79.14
2023-07-19,HAPV3,4.13
2023-07-19,LREN3,16.16
2023-07-19,MRFG3,7.18
2023-07-20,ARZZ3,79.98
2023-07-20,HAPV3,4.16
2023-07-20,LREN3,16.25
2023-07-20,MRFG3,7.1
2023-07-21,ARZZ3,81.98
2023-07-21,HAPV3,4.26
2023-07-21,LREN3,16.64
2023-07-21,MRFG3,7.18
2023-07-24,ARZZ3,81.98
2023-07-24,HAPV3,4.34
2023-07-24,LREN3,17.15
2023-07-24,MRFG3,6.9
2023-07-25,ARZZ3,83.0
2023-07-25,HAPV3,4.44
2023-07-25,LREN3,16.95
2023-07-25,MRFG3,6.79
2023-07-26,ARZZ3,83.16
2023-07-26,HAPV3,4.6
2023-07-26,LREN3,17.27
2023-07-26,MRFG3,6.87
2023-07-27,ARZZ3,82.83
2023-07-27,HAPV3,4.54
2023-07-27,LREN3,16.94
2023-07-27,MRFG3,6.77
2023-07-28,ARZZ3,82.19
2023-07-28,HAPV3,4.62
2023-07-28,LREN3,16.95
2023-07-28,MRFG3,7.05
2023-07-31,ARZZ3,82.4
2023-07-31,HAPV3,4.8
2023-07-31,LREN3,17.05
2023-07-31,MRFG3,7.38
2023-08-01,ARZZ3,79.7
2023-08-01,HAPV3,4.84
2023-08-01,LREN3,16.95
2023-08-01,MRFG3,7.41
2023-08-02,ARZZ3,80.69
2023-08-02,HAPV3,4.75
2023-08-02,LREN3,17.27
2023-08-02,MRFG3,7.48
2023-08-03,ARZZ3,81.18
2023-08-03,HAPV3,4.62
2023-08-03,LREN3,16.86
2023-08-03,MRFG3,7.56
2023-08-04,ARZZ3,82.67
2023-08-04,HAPV3,4.76
2023-08-04,LREN3,17.84
2023-08-04,MRFG3,7.98
2023-08-07,ARZZ3,82.9
2023-08-07,HAPV3,4.77
2023-08-07,LREN3,17.27
2023-08-07,MRFG3,8.04
2023-08-08,ARZZ3,82.35
2023-08-08,HAPV3,5.06
2023-08-08,LREN3,17.41
2023-08-08,MRFG3,7.89
2023-08-09,ARZZ3,82.82
2023-08-09,HAPV3,4.96
2023-08-09,LREN3,16.64
2023-08-09,MRFG3,7.76
2023-08-10,ARZZ3,81.15
2023-08-10,HAPV3,5.26
2023-08-10,LREN3,17.02
2023-08-10,MRFG3,7.84
2023-08-11,ARZZ3,79.49
2023-08-11,HAPV3,5.23
2023-08-11,LREN3,16.83
2023-08-11,MRFG3,7.86
2023-08-14,ARZZ3,78.33
2023-08-14,HAPV3,5.02
2023-08-14,LREN3,15.97
2023-08-14,MRFG3,7.68
2023-08-15,ARZZ3,81.3
2023-08-15,HAPV3,5.02
2023-08-15,LREN3,15.85
2023-08-15,MRFG3,7.64
2023-08-16,ARZZ3,81.18
2023-08-16,HAPV3,4.73
2023-08-16,LREN3,15.9
2023-08-16,MRFG3,7.57
2023-08-17,ARZZ3,80.27
2023-08-17,HAPV3,4.57
2023-08-17,LREN3,15.55
2023-08-17,MRFG3,7.3
2023-08-18,ARZZ3,79.11
2023-08-18,HAPV3,4.63
2023-08-18,LREN3,15.78
2023-08-18,MRFG3,7.35
2023-08-21,ARZZ3,76.53
2023-08-21,HAPV3,4.49
2023-08-21,LREN3,15.55
2023-08-21,MRFG3,7.1
2023-08-22,ARZZ3,81.19
2023-08-22,HAPV3,4.56
2023-08-22,LREN3,15.62
2023-08-22,MRFG3,6.97
2023-08-23,ARZZ3,82.86
2023-08-23,HAPV3,4.69
2023-08-23,LREN3,15.83
2023-08-23,MRFG3,6.86
2023-08-24,ARZZ3,79.91
2023-08-24,HAPV3,4.69
2023-08-24,LREN3,15.35
2023-08-24,MRFG3,6.79
2023-08-25,ARZZ3,76.44
2023-08-25,HAPV3,4.59
2023-08-25,LREN3,15.1
2023-08-25,MRFG3,6.5
2023-08-28,ARZZ3,75.31
2023-08-28,HAPV3,4.54
2023-08-28,LREN3,15.18
2023-08-28,MRFG3,6.73
2023-08-29,ARZZ3,73.55
2023-08-29,HAPV3,4.6
2023-08-29,LREN3,15.18
2023-08-29,MRFG3,7.45
2023-08-30,ARZZ3,74.0
2023-08-30,HAPV3,4.47
2023-08-30,LREN3,14.95
2023-08-30,MRFG3,7.37
2023-08-31,ARZZ3,70.67
2023-08-31,HAPV3,4.26
2023-08-31,LREN3,14.57
2023-08-31,MRFG3,7.41
2023-09-01,ARZZ3,73.69
2023-09-01,HAPV3,4.43
2023-09-01,LREN3,15.25
2023-09-01,MRFG3,7.36
2023-09-04,ARZZ3,73.52
2023-09-04,HAPV3,4.45
2023-09-04,LREN3,14.95
2023-09-04,MRFG3,7.34
2023-09-05,ARZZ3,71.83
2023-09-05,HAPV3,4.41
2023-09-05,LREN3,14.61
2023-09-05,MRFG3,7.33
2023-09-06,ARZZ3,68.87
2023-09-06,HAPV3,4.4
2023-09-06,LREN3,14.15
2023-09-06,MRFG3,7.3
2023-09-08,ARZZ3,67.5
2023-09-08,HAPV3,4.37
2023-09-08,LREN3,14.11
2023-09-08,MRFG3,7.6
2023-09-11,ARZZ3,68.72
2023-09-11,HAPV3,4.44
2023-09-11,LREN3,14.32
2023-09-11,MRFG3,7.46
2023-09-12,ARZZ3,70.35
2023-09-12,HAPV3,4.64
2023-09-12,LREN3,14.55
2023-09-12,MRFG3,7.61
2023-09-13,ARZZ3,72.0
2023-09-13,HAPV3,4.58
2023-09-13,LREN3,14.77
2023-09-13,MRFG3,7.48
2023-09-14,ARZZ3,72.25
2023-09-14,HAPV3,4.5
2023-09-14,LREN3,14.6
2023-09-14,MRFG3,7.38
2023-09-15,ARZZ3,70.31
2023-09-15,HAPV3,4.41
2023-09-15,LREN3,14.16
2023-09-15,MRFG3,7.25
2023-09-18,ARZZ3,70.15
2023-09-18,HAPV3,4.42
2023-09-18,LREN3,14.03
2023-09-18,MRFG3,7.13
2023-09-19,ARZZ3,69.4
2023-09-19,HAPV3,4.5
2023-09-19,LREN3,13.27
2023-09-19,MRFG3,7.42
2023-09-20,ARZZ3,68.84
2023-09-20,HAPV3,4.43
2023-09-20,LREN3,13.33
2023-09-20,MRFG3,7.29
2023-09-21,ARZZ3,64.91
2023-09-21,HAPV3,4.26
2023-09-21,LREN3,12.68
2023-09-21,MRFG3,7.14
2023-09-22,ARZZ3,63.72
2023-09-22,HAPV3,4.28
2023-09-22,LREN3,12.63
2023-09-22,MRFG3,7.04
2023-09-25,ARZZ3,63.42
2023-09-25,HAPV3,4.38
2023-09-25,LREN3,12.55
2023-09-25,MRFG3,6.98
2023-09-26,ARZZ3,61.48
2023-09-26,HAPV3,4.26
2023-09-26,LREN3,11.96
2023-09-26,MRFG3,7.0
2023-09-27,ARZZ3,61.02
2023-09-27,HAPV3,4.31
2023-09-27,LREN3,11.73
2023-09-27,MRFG3,7.06
2023-09-28,ARZZ3,63.59
2023-09-28,HAPV3,4.47
2023-09-28,LREN3,12.2
2023-09-28,MRFG3,7.08
2023-09-29,ARZZ3,64.96
2023-09-29,HAPV3,4.7
2023-09-29,LREN3,12.18
2023-09-29,MRFG3,7.13
2023-10-02,ARZZ3,63.92
2023-10-02,HAPV3,4.57
2023-10-02,LREN3,11.68
2023-10-02,MRFG3,7.18
2023-10-03,ARZZ3,61.71
2023-10-03,HAPV3,4.32
2023-10-03,LREN3,11.39
2023-10-03,MRFG3,7.09
2023-10-04,ARZZ3,65.52
2023-10-04,HAPV3,4.37
2023-10-04,LREN3,11.75
2023-10-04,MRFG3,6.9
2023-10-05,ARZZ3,64.87
2023-10-05,HAPV3,4.16
2023-10-05,LREN3,11.57
2023-10-05,MRFG3,6.86
2023-10-06,ARZZ3,63.71
2023-10-06,HAPV3,4.04
2023-10-06,LREN3,11.45
2023-10-06,MRFG3,6.86
2023-10-09,ARZZ3,64.46
2023-10-09,HAPV3,4.08
2023-10-09,LREN3,11.53
2023-10-09,MRFG3,6.87
2023-10-10,ARZZ3,67.6
2023-10-10,HAPV3,4.26
2023-10-10,LREN3,11.82
2023-10-10,MRFG3,7.05
2023-10-11,ARZZ3,66.72
2023-10-11,HAPV3,4.23
2023-10-11,LREN3,11.91
2023-10-11,MRFG3,7.01
2023-10-13,ARZZ3,63.83
2023-10-13,HAPV3,4.02
2023-10-13,LREN3,11.54
2023-10-13,MRFG3,6.85
2023-10-16,ARZZ3,63.56
2023-10-16,HAPV3,4.0
2023-10-16,LREN3,11.78
2023-10-16,MRFG3,6.92
2023-10-17,ARZZ3,62.78
2023-10-17,HAPV3,3.93
2023-10-17,LREN3,11.65
2023-10-17,MRFG3,6.65
2023-10-18,ARZZ3,59.51
2023-10-18,HAPV3,3.8
2023-10-18,LREN3,11.13
2023-10-18,MRFG3,6.55
2023-10-19,ARZZ3,58.68
2023-10-19,HAPV3,3.82
2023-10-19,LREN3,11.22
2023-10-19,MRFG3,6.34
2023-10-20,ARZZ3,58.91
2023-10-20,HAPV3,3.87
2023-10-20,LREN3,11.11
2023-10-20,MRFG3,6.32
2023-10-23,ARZZ3,60.11
2023-10-23,HAPV3,4.0
2023-10-23,LREN3,11.27
2023-10-23,MRFG3,6.36
2023-10-24,ARZZ3,60.52
2023-10-24,HAPV3,4.08
2023-10-24,LREN3,11.25
2023-10-24,MRFG3,6.43
2023-10-25,ARZZ3,59.12
2023-10-25,HAPV3,3.87
2023-10-25,LREN3,11.23
2023-10-25,MRFG3,6.35
2023-10-26,ARZZ3,61.1
2023-10-26,HAPV3,3.9
2023-10-26,LREN3,11.53
2023-10-26,MRFG3,6.51
2023-10-27,ARZZ3,58.8
2023-10-27,HAPV3,3.74
2023-10-27,LREN3,11.1
2023-10-27,MRFG3,6.38
2023-10-30,ARZZ3,57.76
2023-10-30,HAPV3,3.64
2023-10-30,LREN3,10.85
2023-10-30,MRFG3,6.28
2023-10-31,ARZZ3,58.39
2023-10-31,HAPV3,3.69
2023-10-31,LREN3,11.15
2023-10-31,MRFG3,6.46
2023-11-01,ARZZ3,58.11
2023-11-01,HAPV3,3.74
2023-11-01,LREN3,11.15
2023-11-01,MRFG3,6.5
2023-11-03,ARZZ3,60.7
2023-11-03,HAPV3,4.04
2023-11-03,LREN3,12.04
2023-11-03,MRFG3,6.74
2023-11-06,ARZZ3,58.19
2023-11-06,HAPV3,3.98
2023-11-06,LREN3,11.46
2023-11-06,MRFG3,7.32
2023-11-07,ARZZ3,62.57
2023-11-07,HAPV3,4.32
2023-11-07,LREN3,11.98
2023-11-07,MRFG3,7.66
2023-11-08,ARZZ3,59.63
2023-11-08,HAPV3,4.31
2023-11-08,LREN3,12.23
2023-11-08,MRFG3,7.51
2023-11-09,ARZZ3,57.72
2023-11-09,HAPV3,4.46
2023-11-09,LREN3,12.32
2023-11-09,MRFG3,7.5
2023-11-10,ARZZ3,59.03
2023-11-10,HAPV3,4.4
2023-11-10,LREN3,11.78
2023-11-10,MRFG3,7.6
2023-11-13,ARZZ3,57.69
2023-11-13,HAPV3,4.31
2023-11-13,LREN3,12.14
2023-11-13,MRFG3,7.56
2023-11-14,ARZZ3,60.52
2023-11-14,HAPV3,4.55
2023-11-14,LREN3,12.75
2023-11-14,MRFG3,7.9
2023-11-16,ARZZ3,62.2
2023-11-16,HAPV3,4.71
2023-11-16,LREN3,13.09
2023-11-16,MRFG3,8.39
2023-11-17,ARZZ3,62.35
2023-11-17,HAPV3,4.58
2023-11-17,LREN3,13.05
2023-11-17,MRFG3,8.22
2023-11-20,ARZZ3,63.15
2023-11-20,HAPV3,4.64
2023-11-20,LREN3,13.32
2023-11-20,MRFG3,8.27
2023-11-21,ARZZ3,61.17
2023-11-21,HAPV3,4.65
2023-11-21,LREN3,13.09
2023-11-21,MRFG3,8.43
2023-11-22,ARZZ3,60.87
2023-11-22,HAPV3,4.56
2023-11-22,LREN3,13.62
2023-11-22,MRFG3,8.9
2023-11-23,ARZZ3,60.64
2023-11-23,HAPV3,4.5
2023-11-23,LREN3,13.66
2023-11-23,MRFG3,9.01
2023-11-24,ARZZ3,59.42
2023-11-24,HAPV3,4.43
2023-11-24,LREN3,13.24
2023-11-24,MRFG3,9.12
2023-11-27,ARZZ3,60.14
2023-11-27,HAPV3,4.56
2023-11-27,LREN3,13.52
2023-11-27,MRFG3,9.3
2023-11-28,ARZZ3,60.8
2023-11-28,HAPV3,4.69
2023-11-28,LREN3,14.05
2023-11-28,MRFG3,9.93
2023-11-29,ARZZ3,59.92
2023-11-29,HAPV3,4.45
2023-11-29,LREN3,14.63
2023-11-29,MRFG3,10.4
2023-11-30,ARZZ3,59.34
2023-11-30,HAPV3,4.37
2023-11-30,LREN3,14.88
2023-11-30,MRFG3,9.72
2023-12-01,ARZZ3,59.51
2023-12-01,HAPV3,4.42
2023-12-01,LREN3,14.89
2023-12-01,MRFG3,10.04
2023-12-04,ARZZ3,57.5
2023-12-04,HAPV3,4.29
2023-12-04,LREN3,14.59
2023-12-04,MRFG3,9.93
2023-12-05,ARZZ3,59.69
2023-12-05,HAPV3,4.38
2023-12-05,LREN3,14.77
2023-12-05,MRFG3,9.53
2023-12-06,ARZZ3,61.18
2023-12-06,HAPV3,4.27
2023-12-06,LREN3,14.89
2023-12-06,MRFG3,9.43
2023-12-07,ARZZ3,62.55
2023-12-07,HAPV3,4.28
2023-12-07,LREN3,15.11
2023-12-07,MRFG3,9.29
2023-12-08,ARZZ3,64.82
2023-12-08,HAPV3,4.35
2023-12-08,LREN3,14.95
2023-12-08,MRFG3,9.53
2023-12-11,ARZZ3,64.24
2023-12-11,HAPV3,4.23
2023-12-11,LREN3,14.79
2023-12-11,MRFG3,9.55
2023-12-12,ARZZ3,64.9
2023-12-12,HAPV3,4.15
2023-12-12,LREN3,14.72
2023-12-12,MRFG3,9.56
2023-12-13,ARZZ3,66.82
2023-12-13,HAPV3,4.51
2023-12-13,LREN3,15.21
2023-12-13,MRFG3,9.81
2023-12-14,ARZZ3,68.69
2023-12-14,HAPV3,4.63
2023-12-14,LREN3,15.86
2023-12-14,MRFG3,9.64
2023-12-15,ARZZ3,65.64
2023-12-15,HAPV3,4.38
2023-12-15,LREN3,15.73
2023-12-15,MRFG3,9.16
2023-12-18,ARZZ3,66.0
2023-12-18,HAPV3,4.51
2023-12-18,LREN3,15.73
2023-12-18,MRFG3,9.22
2023-12-19,ARZZ3,66.47
2023-12-19,HAPV3,4.46
2023-12-19,LREN3,15.76
2023-12-19,MRFG3,9.21
2023-12-20,ARZZ3,65.45
2023-12-20,HAPV3,4.34
2023-12-20,LREN3,15.55
2023-12-20,MRFG3,9.59
2023-12-21,ARZZ3,66.16
2023-12-21,HAPV3,4.33
2023-12-21,LREN3,15.58
2023-12-21,MRFG3,9.79
2023-12-22,ARZZ3,66.65
2023-12-22,HAPV3,4.35
2023-12-22,LREN3,16.1
2023-12-22,MRFG3,9.81
2023-12-26,ARZZ3,66.4
2023-12-26,HAPV3,4.31
2023-12-26,LREN3,15.98
2023-12-26,MRFG3,9.78
2023-12-27,ARZZ3,66.63
2023-12-27,HAPV3,4.38
2023-12-27,LREN3,15.95
2023-12-27,MRFG3,9.77
2023-12-28,ARZZ3,64.53
2023-12-28,HAPV3,4.45
2023-12-28,LREN3,15.84
2023-12-28,MRFG3,9.7
2024-01-02,ARZZ3,62.27
2024-01-02,HAPV3,4.29
2024-01-02,LREN3,15.65
2024-01-02,MRFG3,9.65
2024-01-03,ARZZ3,61.53
2024-01-03,HAPV3,4.24
2024-01-03,LREN3,15.35
2024-01-03,MRFG3,9.61
2024-01-04,ARZZ3,58.76
2024-01-04,HAPV3,4.11
2024-01-04,LREN3,14.75
2024-01-04,MRFG3,9.37
2024-01-05,ARZZ3,60.68
2024-01-05,HAPV3,4.27
2024-01-05,LREN3,15.13
2024-01-05,MRFG3,9.47
2024-01-08,ARZZ3,63.98
2024-01-08,HAPV3,4.43
2024-01-08,LREN3,15.71
2024-01-08,MRFG3,9.5
2024-01-09,ARZZ3,64.03
2024-01-09,HAPV3,4.44
2024-01-09,LREN3,15.28
2024-01-09,MRFG3,9.51
2024-01-10,ARZZ3,63.97
2024-01-10,HAPV3,4.45
2024-01-10,LREN3,14.99
2024-01-10,MRFG3,9.47
2024-01-11,ARZZ3,63.3
2024-01-11,HAPV3,4.33
2024-01-11,LREN3,14.95
2024-01-11,MRFG3,9.31
2024-01-12,ARZZ3,63.25
2024-01-12,HAPV3,4.53
2024-01-12,LREN3,15.42
2024-01-12,MRFG3,9.56
2024-01-15,ARZZ3,61.3
2024-01-15,HAPV3,4.56
2024-01-15,LREN3,15.45
2024-01-15,MRFG3,9.6
2024-01-16,ARZZ3,60.66
2024-01-16,HAPV3,4.45
2024-01-16,LREN3,15.19
2024-01-16,MRFG3,9.36
2024-01-17,ARZZ3,59.03
2024-01-17,HAPV3,4.3
2024-01-17,LREN3,15.25
2024-01-17,MRFG3,9.25
2024-01-18,ARZZ3,57.99
2024-01-18,HAPV3,4.0
2024-01-18,LREN3,14.99
2024-01-18,MRFG3,9.1
2024-01-19,ARZZ3,58.51
2024-01-19,HAPV3,4.02
2024-01-19,LREN3,15.2
2024-01-19,MRFG3,9.25
2024-01-22,ARZZ3,57.19
2024-01-22,HAPV3,3.79
2024-01-22,LREN3,14.37
2024-01-22,MRFG3,9.18
2024-01-23,ARZZ3,57.5
2024-01-23,HAPV3,3.94
2024-01-23,LREN3,14.46
2024-01-23,MRFG3,9.35
2024-01-24,ARZZ3,55.51
2024-01-24,HAPV3,3.96
2024-01-24,LREN3,14.36
2024-01-24,MRFG3,9.63
2024-01-25,ARZZ3,57.25
2024-01-25,HAPV3,4.01
2024-01-25,LREN3,14.68
2024-01-25,MRFG3,9.74
2024-01-26,ARZZ3,57.91
2024-01-26,HAPV3,3.93
2024-01-26,LREN3,14.35
2024-01-26,MRFG3,9.74
2024-01-29,ARZZ3,57.0
2024-01-29,HAPV3,3.9
2024-01-29,LREN3,14.28
2024-01-29,MRFG3,9.47
2024-01-30,ARZZ3,55.84
2024-01-30,HAPV3,3.86
2024-01-30,LREN3,14.16
2024-01-30,MRFG3,9.19
2024-01-31,ARZZ3,62.59
2024-01-31,HAPV3,3.88
2024-01-31,LREN3,14.59
2024-01-31,MRFG3,9.41
2024-02-01,ARZZ3,62.85
2024-02-01,HAPV3,3.91
2024-02-01,LREN3,14.69
2024-02-01,MRFG3,9.2
2024-02-02,ARZZ3,62.8
2024-02-02,HAPV3,3.83
2024-02-02,LREN3,14.31
2024-02-02,MRFG3,9.1
2024-02-05,ARZZ3,59.35
2024-02-05,HAPV3,3.85
2024-02-05,LREN3,13.65
2024-02-05,MRFG3,9.09
2024-02-06,ARZZ3,59.5
2024-02-06,HAPV3,3.82
2024-02-06,LREN3,14.19
2024-02-06,MRFG3,9.36
2024-02-07,ARZZ3,60.03
2024-02-07,HAPV3,3.66
2024-02-07,LREN3,14.1
2024-02-07,MRFG3,9.48
2024-02-08,ARZZ3,58.6
2024-02-08,HAPV3,3.47
2024-02-08,LREN3,13.6
2024-02-08,MRFG3,9.23
2024-02-09,ARZZ3,60.2
2024-02-09,HAPV3,3.51
2024-02-09,LREN3,13.48
2024-02-09,MRFG3,9.0
2024-02-14,ARZZ3,58.78
2024-02-14,HAPV3,3.42
2024-02-14,LREN3,13.27
2024-02-14,MRFG3,8.83
2024-02-15,ARZZ3,58.63
2024-02-15,HAPV3,3.45
2024-02-15,LREN3,13.15
2024-02-15,MRFG3,9.11
2024-02-16,ARZZ3,58.78
2024-02-16,HAPV3,3.48
2024-02-16,LREN3,13.09
2024-02-16,MRFG3,9.05
2024-02-19,ARZZ3,59.0
2024-02-19,HAPV3,3.49
2024-02-19,LREN3,13.26
2024-02-19,MRFG3,8.68
2024-02-20,ARZZ3,60.37
2024-02-20,HAPV3,3.55
2024-02-20,LREN3,13.41
2024-02-20,MRFG3,8.68
2024-02-21,ARZZ3,60.05
2024-02-21,HAPV3,3.39
2024-02-21,LREN3,13.4
2024-02-21,MRFG3,8.68
2024-02-22,ARZZ3,60.09
2024-02-22,HAPV3,3.58
2024-02-22,LREN3,13.75
2024-02-22,MRFG3,8.79
2024-02-23,ARZZ3,59.97
2024-02-23,HAPV3,3.59
2024-02-23,LREN3,13.87
2024-02-23,MRFG3,8.52
2024-02-26,ARZZ3,58.29
2024-02-26,HAPV3,3.58
2024-02-26,LREN3,13.89
2024-02-26,MRFG3,8.85
2024-02-27,ARZZ3,59.48
2024-02-27,HAPV3,3.75
2024-02-27,LREN3,14.68
2024-02-27,MRFG3,9.42
2024-02-28,ARZZ3,59.4
2024-02-28,HAPV3,3.79
2024-02-28,LREN3,14.27
2024-02-28,MRFG3,9.53
2024-02-29,ARZZ3,59.23
2024-02-29,HAPV3,3.67
2024-02-29,LREN3,14.36
2024-02-29,MRFG3,9.9
2024-03-01,ARZZ3,59.35
2024-03-01,HAPV3,3.72
2024-03-01,LREN3,15.12
2024-03-01,MRFG3,9.8
2024-03-04,ARZZ3,56.83
2024-03-04,HAPV3,3.6
2024-03-04,LREN3,14.7
2024-03-04,MRFG3,9.77
2024-03-05,ARZZ3,57.9
2024-03-05,HAPV3,3.75
2024-03-05,LREN3,14.85
2024-03-05,MRFG3,9.97
2024-03-06,ARZZ3,59.16
2024-03-06,HAPV3,3.78
2024-03-06,LREN3,14.59
2024-03-06,MRFG3,9.62
2024-03-07,ARZZ3,58.72
2024-03-07,HAPV3,3.81
2024-03-07,LREN3,14.76
2024-03-07,MRFG3,9.71
2024-03-08,ARZZ3,58.87
2024-03-08,HAPV3,3.88
2024-03-08,LREN3,14.75
2024-03-08,MRFG3,9.64
2024-03-11,ARZZ3,58.5
2024-03-11,HAPV3,3.85
2024-03-11,LREN3,14.49
2024-03-11,MRFG3,9.53
2024-03-12,ARZZ3,60.6
2024-03-12,HAPV3,3.92
2024-03-12,LREN3,15.04
2024-03-12,MRFG3,9.68
2024-03-13,ARZZ3,61.5
2024-03-13,HAPV3,3.89
2024-03-13,LREN3,15.37
2024-03-13,MRFG3,9.94
2024-03-14,ARZZ3,62.15
2024-03-14,HAPV3,3.85
2024-03-14,LREN3,15.01
2024-03-14,MRFG3,10.26
2024-03-15,ARZZ3,59.88
2024-03-15,HAPV3,3.82
2024-03-15,LREN3,14.0
2024-03-15,MRFG3,10.03
2024-03-18,ARZZ3,59.38
2024-03-18,HAPV3,3.86
2024-03-18,LREN3,14.1
2024-03-18,MRFG3,9.95
2024-03-19,ARZZ3,59.6
2024-03-19,HAPV3,3.83
2024-03-19,LREN3,14.19
2024-03-19,MRFG3,9.98
2024-03-20,ARZZ3,63.12
2024-03-20,HAPV3,3.97
2024-03-20,LREN3,14.72
2024-03-20,MRFG3,10.03
2024-03-21,ARZZ3,62.65
2024-03-21,HAPV3,3.9
2024-03-21,LREN3,14.44
2024-03-21,MRFG3,10.3
2024-03-22,ARZZ3,60.64
2024-03-22,HAPV3,3.88
2024-03-22,LREN3,14.22
2024-03-22,MRFG3,9.62
2024-03-25,ARZZ3,61.41
2024-03-25,HAPV3,3.85
2024-03-25,LREN3,14.26
2024-03-25,MRFG3,9.72
2024-03-26,ARZZ3,62.16
2024-03-26,HAPV3,3.79
2024-03-26,LREN3,14.09
2024-03-26,MRFG3,9.37
2024-03-27,ARZZ3,63.47
2024-03-27,HAPV3,3.76
2024-03-27,LREN3,14.85
2024-03-27,MRFG3,9.14
2024-03-28,ARZZ3,64.27
2024-03-28,HAPV3,3.7
2024-03-28,LREN3,15.44
2024-03-28,MRFG3,10.31
2024-04-01,ARZZ3,62.35
2024-04-01,HAPV3,3.94
2024-04-01,LREN3,15.31
2024-04-01,MRFG3,10.31
2024-04-02,ARZZ3,62.62
2024-04-02,HAPV3,3.89
2024-04-02,LREN3,15.89
2024-04-02,MRFG3,10.17
2024-04-03,ARZZ3,58.75
2024-04-03,HAPV3,3.9
2024-04-03,LREN3,15.48
2024-04-03,MRFG3,10.14
2024-04-04,ARZZ3,57.03
2024-04-04,HAPV3,4.01
2024-04-04,LREN3,15.82
2024-04-04,MRFG3,10.24
2024-04-05,ARZZ3,56.58
2024-04-05,HAPV3,3.97
2024-04-05,LREN3,15.4
2024-04-05,MRFG3,10.26
